Taotluse reg.kpv,Elamisloa liik,Rändeliik,Kodakondsus,Sugu,Vanuserühm
2015-01-09 00:20:59.152837,Tähtajaline elamisluba,Õppimine,Filipiinid,M, 35-39
2025-03-26 22:04:05.129361,Tähtajalise elamisloa pikendamine,Pereränne,Austraalia,M, 5-9
2022-12-13 17:16:58.929943,Tähtajalise elamisloa pikendamine,Pereränne,India,N, 0-4
2015-01-29 17:14:51.832448,Tähtajalise elamisloa pikendamine,Õppimine,India,M, 55-59
2024-10-12 12:12:12.168645,Tähtajaline elamisluba,Töötamine,Maroko,M, 20-24
2022-10-03 03:47:20.270768,Tähtajalise elamisloa pikendamine,Välisleping,Nepal,M, 55-59
2023-05-18 12:47:02.938021,Tähtajaline elamisluba,Õppimine,Nepal,M, 85+
2015-08-21 18:42:15.385481,Tähtajaline elamisluba,Välisleping,Malaisia,M, 0-4
2025-03-11 14:11:06.160878,Tähtajaline elamisluba,Püsivalt Eestisse elama asumine,Maroko,M, 20-24
2025-05-01 18:35:53.399974,Tähtajalise elamisloa pikendamine,Pereränne,Hiina,M, 80-84
2020-01-12 02:27:09.028432,Tähtajaline elamisluba,Pereränne,Määratlemata kodakondsus,M, 40-44
2023-12-31 11:20:40.918505,Tähtajaline elamisluba,Ettevõtlus,Iisrael,N, 50-54
2025-02-27 12:17:34.112067,Tähtajaline elamisluba,Püsivalt Eestisse elama asumine,Süüria,M, 45-49
2025-05-02 19:33:49.857498,Tähtajalise elamisloa pikendamine,Töötamine,Tšiili,N, 80-84
2019-03-22 02:36:17.330767,Tähtajalise elamisloa pikendamine,Püsivalt Eestisse elama asumine,Hiina,N, 60-64
2024-10-10 12:42:37.392375,Tähtajaline elamisluba,Pereränne,Ameerika Ühendriigid,N, 30-34
2019-06-09 15:46:06.945738,Tähtajalise elamisloa pikendamine,Õppimine,Ecuador,N, 20-24
2016-04-29 11:43:11.864204,Tähtajalise elamisloa pikendamine,Pereränne,Brasiilia,M, 50-54
2015-12-22 11:12:39.568144,Tähtajaline elamisluba,Püsivalt Eestisse elama asumine,Türgi,N, 80-84
2021-06-15 17:01:34.246999,Tähtajaline elamisluba,Ettevõtlus,Venemaa,N, 40-44
2019-02-02 01:49:36.617159,Tähtajaline elamisluba,Legaalne sissetulek,Lõuna-Aafrika Vabariik,N, 50-54
2022-02-03 17:43:47.537370,Tähtajaline elamisluba,Välisleping,Venezuela,M, 5-9
2023-01-02 04:06:27.550126,Tähtajaline elamisluba,Töötamine,Ukraina,N, 40-44
2022-03-31 02:06:10.623402,Tähtajalise elamisloa pikendamine,Ettevõtlus,Suurbritannia,N, 80-84
2022-04-10 00:17:49.449802,Tähtajalise elamisloa pikendamine,Püsivalt Eestisse elama asumine,Ukraina,M, 0-4
2022-03-03 06:58:55.286670,Tähtajalise elamisloa pikendamine,Legaalne sissetulek,Moldova,N, 60-64
2019-12-20 20:49:32.187755,Tähtajaline elamisluba,Ettevõtlus,Iraan,N, 20-24
2023-08-03 04:47:41.959636,Tähtajaline elamisluba,Ettevõtlus,Hiina,N, 5-9
2019-08-03 17:05:21.465395,Tähtajalise elamisloa pikendamine,Õppimine,Bangladesh,M, 35-39
2023-02-10 04:15:21.128319,Tähtajaline elamisluba,Püsivalt Eestisse elama asumine,Sri Lanka,N, 20-24
2019-03-14 07:40:20.478917,Tähtajaline elamisluba,Püsivalt Eestisse elama asumine,Ameerika Ühendriigid,M, 80-84
2020-06-19 20:42:07.963344,Tähtajalise elamisloa pikendamine,Legaalne sissetulek,Albaania,M, 10-14
2015-04-01 08:45:19.353103,Tähtajalise elamisloa pikendamine,Välisleping,Nepal,M, 10-14
2015-03-16 11:49:58.574648,Tähtajaline elamisluba,Legaalne sissetulek,Valgevene,N, 20-24
2021-05-03 22:42:36.930309,Tähtajalise elamisloa pikendamine,Pereränne,Korea Vabariik,N, 15-19
2022-06-08 17:34:57.987413,Tähtajaline elamisluba,Püsivalt Eestisse elama asumine,Ameerika Ühendriigid,N, 15-19
2020-11-26 10:43:32.097367,Tähtajaline elamisluba,Välisleping,India,N, 50-54
2025-04-26 00:03:38.676181,Tähtajalise elamisloa pikendamine,Õppimine,Moldova,N, 25-29
2023-12-03 06:59:36.583139,Tähtajaline elamisluba,Pereränne,Kõrgõzstan,M, 40-44
2017-02-15 23:59:34.281245,Tähtajalise elamisloa pikendamine,Legaalne sissetulek,Pakistan,N, 65-69
2017-07-31 11:43:49.740153,Tähtajalise elamisloa pikendamine,Ettevõtlus,Tai,N, 80-84
2021-04-24 04:49:52.777486,Tähtajalise elamisloa pikendamine,Legaalne sissetulek,Brasiilia,N, 60-64
2021-07-26 15:03:16.640371,Tähtajaline elamisluba,Pereränne,Senegal,M, 35-39
2021-11-16 01:07:05.385142,Tähtajalise elamisloa pikendamine,Välisleping,Iraan,N, 65-69
2021-01-06 03:36:50.287792,Tähtajalise elamisloa pikendamine,Välisleping,Brasiilia,M, 40-44
2020-12-27 09:10:27.092698,Tähtajalise elamisloa pikendamine,Õppimine,Vietnam,M, 70-74
2022-09-18 05:10:31.072379,Tähtajalise elamisloa pikendamine,Töötamine,Iraan,M, 75-79
2015-10-23 08:47:46.073241,Tähtajalise elamisloa pikendamine,Legaalne sissetulek,Taiwan,M, 85+
2023-02-12 04:31:30.076979,Tähtajalise elamisloa pikendamine,Välisleping,Nepal,M, 35-39
2019-10-01 18:50:45.312051,Tähtajaline elamisluba,Välisleping,Venemaa,N, 65-69
2017-09-09 08:15:16.347446,Tähtajalise elamisloa pikendamine,Püsivalt Eestisse elama asumine,Süüria,M, 85+
2015-02-20 14:19:17.420766,Tähtajaline elamisluba,Õppimine,Pakistan,M, 50-54
2024-01-27 22:45:49.470936,Tähtajaline elamisluba,Õppimine,Kanada,N, 45-49
2022-02-20 01:09:13.976977,Tähtajaline elamisluba,Välisleping,Venezuela,M, 45-49
2024-07-18 19:44:26.609359,Tähtajalise elamisloa pikendamine,Legaalne sissetulek,Venezuela,M, 80-84
2018-06-18 10:23:15.638286,Tähtajalise elamisloa pikendamine,Legaalne sissetulek,Iisrael,N, 20-24
2017-04-06 15:03:10.878551,Tähtajaline elamisluba,Õppimine,Gambia,M, 40-44
2025-06-01 23:55:50.916477,Tähtajaline elamisluba,Ettevõtlus,Tai,M, 40-44
2025-05-23 07:47:56.054232,Tähtajalise elamisloa pikendamine,Töötamine,Egiptus,N, 5-9
2015-01-09 09:44:21.163603,Tähtajaline elamisluba,Õppimine,Süüria,M, 45-49
2015-01-12 19:51:55.412756,Tähtajaline elamisluba,Püsivalt Eestisse elama asumine,Mehhiko,M, 80-84
2023-09-23 12:49:27.902187,Tähtajalise elamisloa pikendamine,Õppimine,Brasiilia,M, 30-34
2025-06-01 15:30:32.855696,Tähtajalise elamisloa pikendamine,Püsivalt Eestisse elama asumine,Lõuna-Aafrika Vabariik,N, 60-64
2024-10-26 16:15:36.403082,Tähtajalise elamisloa pikendamine,Pereränne,Singapur,M, 20-24
2016-06-09 01:05:55.389070,Tähtajalise elamisloa pikendamine,Õppimine,Nepal,M, 20-24
2025-06-01 03:06:09.313445,Tähtajalise elamisloa pikendamine,Välisleping,Maroko,M, 15-19
2024-03-13 13:09:37.585196,Tähtajaline elamisluba,Õppimine,Nepal,N, 0-4
2016-08-01 08:38:51.976271,Tähtajalise elamisloa pikendamine,Välisleping,Tadžikistan,N, 70-74
2025-05-27 07:36:18.414672,Tähtajaline elamisluba,Püsivalt Eestisse elama asumine,Austraalia,M, 30-34
2024-03-06 13:19:01.681311,Tähtajalise elamisloa pikendamine,Töötamine,Iraan,N, 65-69
2019-03-13 10:57:56.444290,Tähtajalise elamisloa pikendamine,Ettevõtlus,Venezuela,N, 45-49
2022-07-14 05:37:45.161160,Tähtajaline elamisluba,Legaalne sissetulek,Iisrael,M, 60-64
2022-03-24 15:40:20.796810,Tähtajaline elamisluba,Püsivalt Eestisse elama asumine,Afganistan,N, 45-49
2024-01-14 06:50:09.263013,Tähtajalise elamisloa pikendamine,Ettevõtlus,Libeeria,M, 35-39
2025-06-01 21:55:15.284077,Tähtajaline elamisluba,Töötamine,Colombia,M, 80-84
2025-06-01 23:50:08.664628,Tähtajaline elamisluba,Ettevõtlus,Vietnam,N, 40-44
2024-09-05 10:11:12.577558,Tähtajalise elamisloa pikendamine,Välisleping,Vietnam,M, 40-44
2017-06-12 10:22:52.065925,Tähtajaline elamisluba,Ettevõtlus,Korea Vabariik,N, 65-69
2016-12-27 03:06:15.241976,Tähtajalise elamisloa pikendamine,Töötamine,Gruusia,N, 15-19
2017-02-27 03:58:08.891598,Tähtajaline elamisluba,Pereränne,India,M, 30-34
2025-06-01 05:38:16.651461,Tähtajaline elamisluba,Püsivalt Eestisse elama asumine,Lõuna-Aafrika Vabariik,N, 20-24
2021-04-13 18:01:12.007298,Tähtajalise elamisloa pikendamine,Õppimine,Afganistan,N, 60-64
2020-09-17 21:10:21.554241,Tähtajalise elamisloa pikendamine,Töötamine,Kasahstan,M, 50-54
2025-06-01 23:59:59.998123,Tähtajaline elamisluba,Õppimine,Kamerun,M, 80-84
2015-01-10 05:09:38.541196,Tähtajaline elamisluba,Püsivalt Eestisse elama asumine,Määratlemata kodakondsus,M, 70-74
2018-10-26 22:52:51.652680,Tähtajalise elamisloa pikendamine,Töötamine,Moldova,N, 70-74
2023-03-15 19:49:25.807821,Tähtajaline elamisluba,Ettevõtlus,Sierra Leone,N, 30-34
2015-05-22 07:17:52.586451,Tähtajalise elamisloa pikendamine,Töötamine,Pakistan,M, 0-4
2025-06-01 23:59:57.472455,Tähtajaline elamisluba,Ettevõtlus,Venezuela,M, 45-49
2018-12-04 08:57:15.422569,Tähtajaline elamisluba,Püsivalt Eestisse elama asumine,Ukraina,M, 15-19
2021-11-02 23:59:10.571090,Tähtajaline elamisluba,Välisleping,Tai,M, 50-54
2023-06-29 05:58:26.015264,Tähtajalise elamisloa pikendamine,Püsivalt Eestisse elama asumine,Tadžikistan,N, 50-54
2018-12-02 21:20:13.337944,Tähtajaline elamisluba,Välisleping,Muu,N, 55-59
2016-04-23 16:34:53.607959,Tähtajaline elamisluba,Püsivalt Eestisse elama asumine,Venemaa,M, 85+
2016-08-15 19:04:13.658451,Tähtajalise elamisloa pikendamine,Õppimine,Usbekistan,N, 20-24
2024-03-09 16:48:35.084091,Tähtajaline elamisluba,Püsivalt Eestisse elama asumine,Hiina,M, 30-34
2024-02-24 18:58:27.478510,Tähtajaline elamisluba,Õppimine,Vietnam,M, 60-64
2016-03-05 20:44:21.011883,Tähtajalise elamisloa pikendamine,Püsivalt Eestisse elama asumine,Muu,N, 45-49
2021-06-03 17:20:51.384150,Tähtajalise elamisloa pikendamine,Pereränne,Tuneesia,N, 55-59
2023-08-23 15:48:15.287561,Tähtajaline elamisluba,Töötamine,Armeenia,M, 40-44
2015-02-03 23:58:06.185122,Tähtajaline elamisluba,Püsivalt Eestisse elama asumine,Nepal,M, 30-34
2024-02-13 23:00:05.990506,Tähtajalise elamisloa pikendamine,Töötamine,Pakistan,M, 40-44
2018-01-22 03:52:55.797961,Tähtajalise elamisloa pikendamine,Töötamine,Maroko,M, 55-59
2018-06-15 23:39:23.398788,Tähtajalise elamisloa pikendamine,Välisleping,Egiptus,N, 25-29
2020-03-03 00:10:56.321594,Tähtajalise elamisloa pikendamine,Välisleping,Taiwan,N, 80-84
2020-11-24 20:45:18.176253,Tähtajalise elamisloa pikendamine,Ettevõtlus,Nigeeria,N, 15-19
2015-12-19 07:47:38.785696,Tähtajaline elamisluba,Välisleping,Tadžikistan,M, 60-64
2017-07-25 22:44:21.335853,Tähtajaline elamisluba,Püsivalt Eestisse elama asumine,Suurbritannia,N, 75-79
2022-06-15 23:31:49.690811,Tähtajalise elamisloa pikendamine,Välisleping,Moldova,N, 15-19
2025-05-30 03:28:48.275401,Tähtajaline elamisluba,Pereränne,Iisrael,M, 75-79
2024-01-23 08:15:05.965708,Tähtajalise elamisloa pikendamine,Legaalne sissetulek,Hiina,M, 0-4
2023-08-09 16:54:29.401139,Tähtajalise elamisloa pikendamine,Püsivalt Eestisse elama asumine,Lõuna-Aafrika Vabariik,M, 40-44
2025-05-21 20:12:15.425992,Tähtajalise elamisloa pikendamine,Pereränne,Indoneesia,N, 80-84
2024-05-12 13:10:59.891863,Tähtajalise elamisloa pikendamine,Pereränne,Tai,M, 70-74
2017-09-21 13:01:25.462333,Tähtajaline elamisluba,Püsivalt Eestisse elama asumine,Venemaa,M, 25-29
2021-04-08 20:36:39.649818,Tähtajalise elamisloa pikendamine,Püsivalt Eestisse elama asumine,Filipiinid,M, 60-64
2022-09-18 07:32:18.645546,Tähtajalise elamisloa pikendamine,Pereränne,Valgevene,M, 10-14
2019-03-31 20:02:16.148964,Tähtajalise elamisloa pikendamine,Pereränne,Kõrgõzstan,M, 20-24
2025-04-17 18:51:03.473230,Tähtajaline elamisluba,Legaalne sissetulek,Gambia,M, 15-19
2024-03-12 10:15:41.716939,Tähtajalise elamisloa pikendamine,Ettevõtlus,Kamerun,M, 50-54
2024-04-29 09:36:26.184893,Tähtajalise elamisloa pikendamine,Pereränne,Hiina,N, 0-4
2023-08-13 21:57:16.796799,Tähtajalise elamisloa pikendamine,Töötamine,Indoneesia,M, 35-39
2024-07-30 11:19:42.390232,Tähtajaline elamisluba,Püsivalt Eestisse elama asumine,Kanada,M, 55-59
2024-02-20 17:40:19.677122,Tähtajalise elamisloa pikendamine,Pereränne,Kanada,M, 15-19
2025-05-24 14:48:30.272508,Tähtajalise elamisloa pikendamine,Pereränne,Brasiilia,N, 40-44
2023-03-15 15:28:34.045097,Tähtajaline elamisluba,Töötamine,Lõuna-Aafrika Vabariik,M, 0-4
2018-08-27 21:59:23.891054,Tähtajaline elamisluba,Püsivalt Eestisse elama asumine,Singapur,M, 80-84
2024-03-09 11:46:10.602112,Tähtajaline elamisluba,Püsivalt Eestisse elama asumine,Singapur,N, 50-54
2021-03-28 15:41:52.023753,Tähtajaline elamisluba,Pereränne,Kamerun,N, 0-4
2021-06-27 06:29:24.172201,Tähtajaline elamisluba,Püsivalt Eestisse elama asumine,Ukraina,M, 65-69
2018-04-21 16:04:34.258769,Tähtajaline elamisluba,Pereränne,Kasahstan,N, 35-39
2015-05-15 11:35:24.449004,Tähtajaline elamisluba,Välisleping,Colombia,N, 50-54
2025-05-24 04:27:15.398354,Tähtajalise elamisloa pikendamine,Ettevõtlus,Indoneesia,M, 40-44
2023-09-10 12:37:11.434924,Tähtajalise elamisloa pikendamine,Töötamine,Nigeeria,N, 60-64
2018-06-15 09:30:28.066052,Tähtajalise elamisloa pikendamine,Legaalne sissetulek,Kanada,M, 70-74
2024-03-23 22:15:46.015643,Tähtajalise elamisloa pikendamine,Töötamine,Venemaa,N, 75-79
2015-10-19 17:30:38.289680,Tähtajalise elamisloa pikendamine,Püsivalt Eestisse elama asumine,Ameerika Ühendriigid,M, 35-39
2015-02-20 18:38:55.834208,Tähtajaline elamisluba,Õppimine,Taiwan,M, 85+
2023-11-13 03:59:11.530823,Tähtajalise elamisloa pikendamine,Pereränne,Singapur,M, 35-39
2023-02-24 17:25:35.493924,Tähtajalise elamisloa pikendamine,Õppimine,Sri Lanka,M, 70-74
2015-09-07 13:28:42.560347,Tähtajalise elamisloa pikendamine,Püsivalt Eestisse elama asumine,Argentina,M, 70-74
2023-01-12 10:07:52.027120,Tähtajaline elamisluba,Püsivalt Eestisse elama asumine,Ukraina,N, 45-49
2016-01-23 14:10:58.478542,Tähtajaline elamisluba,Legaalne sissetulek,Egiptus,M, 85+
2023-04-12 20:07:13.393777,Tähtajalise elamisloa pikendamine,Püsivalt Eestisse elama asumine,Filipiinid,N, 40-44
2015-01-11 07:58:21.311787,Tähtajalise elamisloa pikendamine,Ettevõtlus,Filipiinid,M, 0-4
2022-11-08 15:43:57.594977,Tähtajaline elamisluba,Töötamine,Tadžikistan,M, 85+
2015-01-09 00:37:58.844952,Tähtajalise elamisloa pikendamine,Pereränne,Venezuela,N, 80-84
2015-03-03 01:20:08.788975,Tähtajalise elamisloa pikendamine,Ettevõtlus,Colombia,N, 45-49
2022-10-24 17:53:58.317586,Tähtajalise elamisloa pikendamine,Välisleping,Armeenia,M, 10-14
2015-01-12 04:19:38.828225,Tähtajalise elamisloa pikendamine,Püsivalt Eestisse elama asumine,Moldova,N, 15-19
2018-12-17 03:42:11.466991,Tähtajaline elamisluba,Pereränne,Colombia,M, 40-44
2017-07-26 01:42:38.729987,Tähtajaline elamisluba,Ettevõtlus,Palestiina okupeeritud ala,N, 30-34
2019-02-20 04:46:47.969421,Tähtajalise elamisloa pikendamine,Õppimine,Süüria,N, 60-64
2017-02-24 23:23:39.456298,Tähtajaline elamisluba,Välisleping,Valgevene,N, 35-39
2025-06-01 23:59:59.932695,Tähtajaline elamisluba,Ettevõtlus,Kõrgõzstan,N, 70-74
2020-09-13 10:05:20.460574,Tähtajalise elamisloa pikendamine,Püsivalt Eestisse elama asumine,Singapur,M, 5-9
2024-06-07 07:20:14.458577,Tähtajalise elamisloa pikendamine,Õppimine,Hiina,N, 0-4
2022-09-04 15:42:21.821719,Tähtajaline elamisluba,Püsivalt Eestisse elama asumine,Aserbaidžaan,N, 50-54
2025-02-23 19:03:53.295559,Tähtajalise elamisloa pikendamine,Töötamine,Türgi,N, 65-69
2021-10-29 08:49:50.018176,Tähtajaline elamisluba,Legaalne sissetulek,Türgi,N, 60-64
2015-09-12 19:01:55.026735,Tähtajaline elamisluba,Ettevõtlus,Tšiili,N, 40-44
2023-03-15 01:06:48.727680,Tähtajaline elamisluba,Välisleping,Mehhiko,M, 75-79
2023-02-14 12:23:39.149175,Tähtajalise elamisloa pikendamine,Pereränne,Iraan,M, 30-34
2016-07-02 07:20:42.705990,Tähtajalise elamisloa pikendamine,Legaalne sissetulek,Suurbritannia,N, 15-19
2022-11-10 13:01:10.077905,Tähtajalise elamisloa pikendamine,Legaalne sissetulek,Maroko,N, 50-54
2018-12-07 10:58:03.462904,Tähtajaline elamisluba,Püsivalt Eestisse elama asumine,Sierra Leone,M, 55-59
2015-01-09 00:00:00.000000,Tähtajalise elamisloa pikendamine,Töötamine,Kanada,N, 5-9
2023-05-02 02:49:04.877814,Tähtajalise elamisloa pikendamine,Töötamine,Korea Vabariik,M, 40-44
2025-06-01 19:08:59.985618,Tähtajaline elamisluba,Õppimine,Kanada,M, 40-44
2017-09-29 10:43:50.877874,Tähtajaline elamisluba,Pereränne,Türgi,N, 55-59
2020-04-17 00:23:35.349142,Tähtajalise elamisloa pikendamine,Pereränne,Egiptus,M, 85+
2020-03-29 10:00:51.089285,Tähtajalise elamisloa pikendamine,Pereränne,Iisrael,N, 40-44
2019-10-05 16:48:27.549685,Tähtajaline elamisluba,Õppimine,Taiwan,M, 50-54
2019-02-17 05:25:50.327702,Tähtajaline elamisluba,Ettevõtlus,Aserbaidžaan,N, 5-9
2025-05-19 07:44:43.336932,Tähtajaline elamisluba,Ettevõtlus,Tuneesia,M, 5-9
2021-08-24 21:22:44.054763,Tähtajaline elamisluba,Legaalne sissetulek,Venemaa,N, 25-29
2018-01-21 06:42:30.708692,Tähtajaline elamisluba,Ettevõtlus,Pakistan,M, 85+
2023-05-16 06:47:35.383570,Tähtajaline elamisluba,Õppimine,Venemaa,N, 20-24
2025-05-26 19:59:03.357090,Tähtajalise elamisloa pikendamine,Õppimine,Iisrael,N, 65-69
2022-05-11 19:05:49.407284,Tähtajalise elamisloa pikendamine,Välisleping,Usbekistan,N, 0-4
2023-04-04 06:47:45.274491,Tähtajalise elamisloa pikendamine,Pereränne,Suurbritannia,N, 55-59
2022-03-14 16:45:43.152613,Tähtajalise elamisloa pikendamine,Välisleping,Gruusia,N, 75-79
2015-10-22 23:09:59.518382,Tähtajaline elamisluba,Pereränne,Austraalia,N, 15-19
2020-12-02 02:08:38.300002,Tähtajalise elamisloa pikendamine,Välisleping,Ukraina,M, 0-4
2016-06-09 22:28:33.391623,Tähtajalise elamisloa pikendamine,Legaalne sissetulek,Argentina,N, 45-49
2025-03-16 17:28:54.948490,Tähtajalise elamisloa pikendamine,Püsivalt Eestisse elama asumine,Venemaa,N, 85+
2015-05-31 03:24:41.146305,Tähtajalise elamisloa pikendamine,Õppimine,Indoneesia,M, 10-14
2017-05-21 05:15:04.929870,Tähtajalise elamisloa pikendamine,Välisleping,Afganistan,M, 40-44
2016-09-04 06:10:50.434111,Tähtajaline elamisluba,Õppimine,Vietnam,N, 55-59
2020-04-26 08:05:49.418114,Tähtajaline elamisluba,Pereränne,India,N, 65-69
2023-08-29 01:37:26.832745,Tähtajaline elamisluba,Püsivalt Eestisse elama asumine,Kõrgõzstan,M, 20-24
2023-09-09 08:44:15.336899,Tähtajaline elamisluba,Legaalne sissetulek,Ameerika Ühendriigid,M, 35-39
2022-11-13 13:58:27.135626,Tähtajaline elamisluba,Püsivalt Eestisse elama asumine,Armeenia,M, 80-84
2015-01-09 00:03:37.860605,Tähtajalise elamisloa pikendamine,Ettevõtlus,Tšiili,N, 50-54
2021-05-29 01:31:51.324899,Tähtajaline elamisluba,Pereränne,Libeeria,M, 30-34
2021-05-30 16:07:55.085576,Tähtajalise elamisloa pikendamine,Püsivalt Eestisse elama asumine,Venezuela,N, 30-34
2021-03-03 10:40:26.644839,Tähtajaline elamisluba,Õppimine,Sierra Leone,N, 80-84
2018-11-08 15:42:27.087025,Tähtajaline elamisluba,Õppimine,Brasiilia,M, 5-9
2015-01-09 00:00:00.000000,Tähtajaline elamisluba,Püsivalt Eestisse elama asumine,Taiwan,M, 40-44
2018-04-14 01:28:58.489858,Tähtajalise elamisloa pikendamine,Legaalne sissetulek,India,M, 80-84
2018-08-11 02:00:33.765927,Tähtajaline elamisluba,Legaalne sissetulek,Palestiina okupeeritud ala,M, 50-54
2015-10-05 18:52:36.524794,Tähtajalise elamisloa pikendamine,Välisleping,Vietnam,N, 80-84
2025-03-08 23:21:34.030344,Tähtajaline elamisluba,Õppimine,Maroko,N, 65-69
2015-01-28 03:52:18.419081,Tähtajaline elamisluba,Õppimine,Bangladesh,M, 0-4
2019-01-25 23:42:56.075048,Tähtajaline elamisluba,Ettevõtlus,Ukraina,M, 75-79
2022-09-22 23:29:26.482420,Tähtajalise elamisloa pikendamine,Töötamine,Libeeria,M, 45-49
2020-04-02 21:44:02.147835,Tähtajaline elamisluba,Õppimine,Kanada,N, 25-29
2018-03-17 20:55:13.162359,Tähtajaline elamisluba,Ettevõtlus,Nepal,M, 40-44
2024-11-18 15:28:26.563854,Tähtajaline elamisluba,Legaalne sissetulek,Colombia,M, 20-24
2022-12-09 05:49:47.867240,Tähtajaline elamisluba,Ettevõtlus,Türgi,M, 80-84
2021-04-11 04:30:23.834286,Tähtajalise elamisloa pikendamine,Ettevõtlus,India,M, 20-24
2018-02-23 21:27:18.894938,Tähtajalise elamisloa pikendamine,Töötamine,Mehhiko,M, 25-29
2021-07-19 12:10:39.838920,Tähtajalise elamisloa pikendamine,Ettevõtlus,Brasiilia,M, 0-4
2016-09-10 04:58:43.581779,Tähtajalise elamisloa pikendamine,Püsivalt Eestisse elama asumine,Bangladesh,M, 20-24
2023-08-09 00:58:58.528553,Tähtajaline elamisluba,Pereränne,Senegal,M, 45-49
2017-01-18 08:34:54.435372,Tähtajalise elamisloa pikendamine,Pereränne,Argentina,M, 5-9
2025-06-01 23:59:59.999986,Tähtajalise elamisloa pikendamine,Õppimine,Egiptus,M, 10-14
2015-02-01 14:05:20.598985,Tähtajalise elamisloa pikendamine,Pereränne,Egiptus,N, 15-19
2019-01-29 00:19:31.032014,Tähtajaline elamisluba,Püsivalt Eestisse elama asumine,Nigeeria,M, 20-24
2024-06-21 00:46:47.634455,Tähtajaline elamisluba,Välisleping,Jaapan,N, 0-4
2015-01-09 00:00:00.000000,Tähtajalise elamisloa pikendamine,Püsivalt Eestisse elama asumine,Senegal,M, 80-84
2025-05-17 13:40:08.190618,Tähtajaline elamisluba,Õppimine,Hiina,N, 5-9
2023-04-10 19:25:50.958469,Tähtajalise elamisloa pikendamine,Õppimine,Kanada,N, 45-49
2016-01-03 23:45:33.529259,Tähtajalise elamisloa pikendamine,Püsivalt Eestisse elama asumine,Egiptus,N, 20-24
2018-07-31 01:16:00.548044,Tähtajalise elamisloa pikendamine,Ettevõtlus,Määratlemata kodakondsus,M, 50-54
2024-09-05 16:59:18.764210,Tähtajaline elamisluba,Ettevõtlus,Senegal,M, 5-9
2025-06-01 23:59:59.999784,Tähtajalise elamisloa pikendamine,Legaalne sissetulek,Hiina,N, 55-59
2019-02-12 18:37:32.216448,Tähtajalise elamisloa pikendamine,Õppimine,Usbekistan,N, 55-59
2015-10-13 06:22:09.059284,Tähtajalise elamisloa pikendamine,Püsivalt Eestisse elama asumine,Tšiili,N, 85+
2025-06-01 23:59:59.999747,Tähtajaline elamisluba,Töötamine,Gruusia,M, 45-49
2021-06-30 12:33:29.921441,Tähtajaline elamisluba,Töötamine,Argentina,M, 40-44
2018-08-27 02:09:57.169740,Tähtajalise elamisloa pikendamine,Välisleping,Egiptus,M, 10-14
2018-02-12 12:37:21.986137,Tähtajaline elamisluba,Ettevõtlus,Filipiinid,N, 20-24
2025-03-08 08:04:44.981798,Tähtajaline elamisluba,Pereränne,Egiptus,M, 85+
2023-07-15 19:02:31.516100,Tähtajaline elamisluba,Legaalne sissetulek,Sri Lanka,M, 75-79
2021-10-23 13:42:44.623803,Tähtajaline elamisluba,Välisleping,Tadžikistan,N, 40-44
2019-01-09 06:36:16.652306,Tähtajalise elamisloa pikendamine,Pereränne,India,M, 45-49
2024-11-15 03:48:06.828768,Tähtajaline elamisluba,Legaalne sissetulek,Austraalia,N, 0-4
2025-06-01 23:59:59.396493,Tähtajalise elamisloa pikendamine,Õppimine,Vietnam,N, 80-84
2015-11-29 14:04:04.278107,Tähtajaline elamisluba,Pereränne,Albaania,N, 0-4
2020-07-29 13:07:29.823641,Tähtajaline elamisluba,Õppimine,Valgevene,N, 55-59
2025-02-02 00:26:58.732753,Tähtajalise elamisloa pikendamine,Püsivalt Eestisse elama asumine,Nepal,M, 85+
2024-02-05 07:46:34.091818,Tähtajalise elamisloa pikendamine,Pereränne,Usbekistan,N, 40-44
2017-01-22 18:21:51.811259,Tähtajaline elamisluba,Välisleping,India,N, 40-44
2022-05-13 01:26:27.654340,Tähtajaline elamisluba,Ettevõtlus,Malaisia,N, 75-79
2021-12-28 09:00:08.193916,Tähtajaline elamisluba,Pereränne,Albaania,M, 60-64
2015-09-26 19:04:50.995281,Tähtajaline elamisluba,Ettevõtlus,Korea Vabariik,M, 35-39
2020-07-16 02:30:47.848595,Tähtajalise elamisloa pikendamine,Legaalne sissetulek,Gruusia,M, 15-19
2016-09-12 19:57:24.115914,Tähtajalise elamisloa pikendamine,Püsivalt Eestisse elama asumine,Iisrael,M, 35-39
2025-05-05 13:35:27.640650,Tähtajalise elamisloa pikendamine,Püsivalt Eestisse elama asumine,Colombia,N, 40-44
2022-11-28 08:40:31.485759,Tähtajaline elamisluba,Õppimine,Nepal,M, 75-79
2022-07-15 15:23:39.082197,Tähtajalise elamisloa pikendamine,Õppimine,Filipiinid,N, 60-64
2025-06-01 23:56:44.121059,Tähtajalise elamisloa pikendamine,Töötamine,Vietnam,N, 55-59
2024-12-30 06:44:35.073157,Tähtajalise elamisloa pikendamine,Legaalne sissetulek,Libeeria,N, 15-19
2020-06-19 12:57:49.322194,Tähtajalise elamisloa pikendamine,Pereränne,Filipiinid,N, 55-59
2015-03-02 09:11:55.101486,Tähtajalise elamisloa pikendamine,Püsivalt Eestisse elama asumine,Filipiinid,N, 30-34
2024-12-02 14:00:39.212880,Tähtajalise elamisloa pikendamine,Pereränne,Mehhiko,N, 85+
2015-06-16 05:33:48.759752,Tähtajaline elamisluba,Püsivalt Eestisse elama asumine,Tai,N, 60-64
2025-06-01 23:56:54.905847,Tähtajalise elamisloa pikendamine,Pereränne,Vietnam,M, 20-24
2015-04-30 07:29:56.383737,Tähtajaline elamisluba,Legaalne sissetulek,Libeeria,N, 85+
2025-03-28 06:05:10.900126,Tähtajalise elamisloa pikendamine,Püsivalt Eestisse elama asumine,Kanada,N, 50-54
2015-01-18 03:09:07.748822,Tähtajalise elamisloa pikendamine,Õppimine,Malaisia,M, 70-74
2016-11-07 09:04:40.558658,Tähtajaline elamisluba,Õppimine,Kamerun,M, 75-79
2020-09-17 00:58:19.169345,Tähtajalise elamisloa pikendamine,Välisleping,Palestiina okupeeritud ala,N, 80-84
2019-08-11 00:19:10.298908,Tähtajalise elamisloa pikendamine,Püsivalt Eestisse elama asumine,Suurbritannia,M, 35-39
2017-08-27 20:30:18.249103,Tähtajalise elamisloa pikendamine,Ettevõtlus,Kanada,M, 35-39
2022-11-25 06:21:36.623103,Tähtajalise elamisloa pikendamine,Välisleping,Palestiina okupeeritud ala,M, 45-49
2018-07-01 03:19:22.294557,Tähtajaline elamisluba,Töötamine,Sri Lanka,N, 0-4
2016-03-04 04:54:40.363099,Tähtajaline elamisluba,Püsivalt Eestisse elama asumine,Tšiili,M, 35-39
2025-06-01 23:10:29.958511,Tähtajaline elamisluba,Töötamine,Tai,M, 75-79
2020-06-17 13:14:29.122115,Tähtajaline elamisluba,Välisleping,Bangladesh,N, 40-44
2024-03-04 09:42:09.866781,Tähtajalise elamisloa pikendamine,Pereränne,Afganistan,N, 45-49
2021-11-30 09:04:56.790422,Tähtajaline elamisluba,Töötamine,Kõrgõzstan,N, 75-79
2020-11-12 01:30:31.674381,Tähtajaline elamisluba,Püsivalt Eestisse elama asumine,Venemaa,M, 20-24
2016-08-21 22:52:16.051342,Tähtajalise elamisloa pikendamine,Püsivalt Eestisse elama asumine,Süüria,M, 70-74
2023-07-26 20:25:19.999448,Tähtajalise elamisloa pikendamine,Pereränne,Nepal,N, 40-44
2024-08-10 04:01:32.767014,Tähtajaline elamisluba,Pereränne,Bangladesh,N, 80-84
2023-07-16 03:16:01.506426,Tähtajalise elamisloa pikendamine,Püsivalt Eestisse elama asumine,Muu,M, 70-74
2021-09-28 17:03:33.228271,Tähtajaline elamisluba,Legaalne sissetulek,Määratlemata kodakondsus,N, 35-39
2020-05-17 21:36:02.629529,Tähtajaline elamisluba,Legaalne sissetulek,Gruusia,M, 35-39
2015-08-12 18:55:51.010997,Tähtajalise elamisloa pikendamine,Püsivalt Eestisse elama asumine,Venemaa,N, 65-69
2015-01-11 04:34:55.391450,Tähtajalise elamisloa pikendamine,Legaalne sissetulek,Palestiina okupeeritud ala,M, 80-84
2016-10-22 05:13:03.070628,Tähtajalise elamisloa pikendamine,Töötamine,Filipiinid,M, 50-54
2025-01-24 07:15:23.553640,Tähtajaline elamisluba,Legaalne sissetulek,Usbekistan,M, 35-39
2022-06-09 08:04:38.590526,Tähtajaline elamisluba,Välisleping,Ameerika Ühendriigid,N, 25-29
2022-08-06 01:07:08.207542,Tähtajalise elamisloa pikendamine,Püsivalt Eestisse elama asumine,Singapur,M, 35-39
2019-01-22 12:44:25.018337,Tähtajalise elamisloa pikendamine,Töötamine,Muu,M, 50-54
2021-10-10 10:34:54.855964,Tähtajaline elamisluba,Välisleping,Nepal,N, 25-29
2021-05-01 01:18:18.562375,Tähtajalise elamisloa pikendamine,Legaalne sissetulek,Armeenia,N, 30-34
2025-04-08 15:43:28.970701,Tähtajalise elamisloa pikendamine,Legaalne sissetulek,Sierra Leone,N, 15-19
2021-04-20 16:00:10.660093,Tähtajaline elamisluba,Legaalne sissetulek,Libeeria,M, 15-19
2025-06-02 00:00:00.000000,Tähtajalise elamisloa pikendamine,Püsivalt Eestisse elama asumine,Palestiina okupeeritud ala,M, 40-44
2018-05-30 15:03:14.578397,Tähtajaline elamisluba,Pereränne,Aserbaidžaan,N, 40-44
2015-06-20 10:29:22.843850,Tähtajalise elamisloa pikendamine,Legaalne sissetulek,Süüria,N, 35-39
2020-07-27 10:21:04.200425,Tähtajaline elamisluba,Ettevõtlus,Venemaa,M, 75-79
2020-07-11 04:46:20.801207,Tähtajaline elamisluba,Töötamine,Nigeeria,M, 60-64
2023-10-01 07:26:58.363553,Tähtajalise elamisloa pikendamine,Õppimine,Kõrgõzstan,N, 25-29
2025-05-02 23:26:13.806830,Tähtajalise elamisloa pikendamine,Püsivalt Eestisse elama asumine,Korea Vabariik,N, 10-14
2024-05-30 11:53:36.765181,Tähtajaline elamisluba,Töötamine,Kasahstan,M, 55-59
2025-03-27 01:31:44.900973,Tähtajalise elamisloa pikendamine,Töötamine,Tadžikistan,M, 25-29
2024-10-25 10:57:08.411278,Tähtajaline elamisluba,Legaalne sissetulek,Kamerun,N, 15-19
2018-01-13 08:37:02.166379,Tähtajaline elamisluba,Legaalne sissetulek,Indoneesia,M, 15-19
2018-02-24 13:30:04.161843,Tähtajaline elamisluba,Legaalne sissetulek,Vietnam,N, 75-79
2022-11-30 22:49:37.694636,Tähtajaline elamisluba,Välisleping,Suurbritannia,M, 25-29
2017-03-08 00:34:47.760977,Tähtajalise elamisloa pikendamine,Pereränne,Venemaa,M, 5-9
2023-11-06 12:33:06.527270,Tähtajalise elamisloa pikendamine,Välisleping,Määratlemata kodakondsus,N, 65-69
2024-11-08 00:50:21.830945,Tähtajalise elamisloa pikendamine,Välisleping,Tai,M, 20-24
2021-01-31 15:54:46.590172,Tähtajalise elamisloa pikendamine,Õppimine,Malaisia,M, 70-74
2024-11-18 18:44:58.816737,Tähtajaline elamisluba,Legaalne sissetulek,Armeenia,M, 40-44
2023-11-06 09:46:15.538286,Tähtajaline elamisluba,Püsivalt Eestisse elama asumine,Gruusia,N, 5-9
2020-03-20 13:09:49.335839,Tähtajaline elamisluba,Ettevõtlus,Sri Lanka,N, 15-19
2015-12-23 20:40:10.186541,Tähtajalise elamisloa pikendamine,Töötamine,Sierra Leone,N, 85+
2015-10-05 08:10:56.008454,Tähtajalise elamisloa pikendamine,Õppimine,Nepal,M, 50-54
2024-06-21 06:40:02.300087,Tähtajalise elamisloa pikendamine,Välisleping,Filipiinid,M, 15-19
2024-11-16 14:23:24.058264,Tähtajalise elamisloa pikendamine,Püsivalt Eestisse elama asumine,Ukraina,M, 10-14
2023-10-21 22:51:46.284431,Tähtajaline elamisluba,Legaalne sissetulek,Sri Lanka,N, 65-69
2022-10-23 17:21:55.951595,Tähtajalise elamisloa pikendamine,Legaalne sissetulek,Hiina,N, 45-49
2025-05-11 16:27:11.356192,Tähtajaline elamisluba,Ettevõtlus,Libeeria,N, 70-74
2017-05-02 09:45:00.777144,Tähtajalise elamisloa pikendamine,Õppimine,Muu,N, 50-54
2024-11-28 19:26:03.885607,Tähtajaline elamisluba,Õppimine,Moldova,M, 60-64
2015-02-03 14:31:18.509555,Tähtajalise elamisloa pikendamine,Pereränne,Pakistan,N, 5-9
2020-12-11 15:05:11.842812,Tähtajalise elamisloa pikendamine,Välisleping,Tšiili,M, 15-19
2015-02-27 00:14:56.842253,Tähtajaline elamisluba,Ettevõtlus,Süüria,N, 50-54
2025-05-19 17:48:48.322403,Tähtajalise elamisloa pikendamine,Legaalne sissetulek,Hiina,M, 85+
2024-11-12 04:07:58.392917,Tähtajaline elamisluba,Püsivalt Eestisse elama asumine,Moldova,N, 15-19
2021-10-09 08:36:18.486533,Tähtajaline elamisluba,Õppimine,Kõrgõzstan,M, 25-29
2023-07-02 08:37:57.167690,Tähtajalise elamisloa pikendamine,Pereränne,Austraalia,N, 55-59
2023-12-16 23:43:00.916128,Tähtajalise elamisloa pikendamine,Püsivalt Eestisse elama asumine,Kanada,M, 85+
2022-09-26 09:51:01.371502,Tähtajalise elamisloa pikendamine,Püsivalt Eestisse elama asumine,Kanada,M, 40-44
2023-09-23 01:20:11.449948,Tähtajaline elamisluba,Pereränne,Sri Lanka,M, 10-14
2025-05-22 07:37:28.157027,Tähtajalise elamisloa pikendamine,Töötamine,Tai,N, 20-24
2023-09-29 15:28:02.623865,Tähtajalise elamisloa pikendamine,Püsivalt Eestisse elama asumine,Austraalia,N, 60-64
2018-11-29 18:26:19.025266,Tähtajalise elamisloa pikendamine,Töötamine,Nigeeria,N, 15-19
2015-05-06 05:18:46.340508,Tähtajalise elamisloa pikendamine,Töötamine,Venemaa,N, 75-79
2025-01-06 22:59:12.016123,Tähtajalise elamisloa pikendamine,Õppimine,Afganistan,M, 55-59
2025-05-30 08:50:01.253867,Tähtajaline elamisluba,Ettevõtlus,Kanada,N, 35-39
2024-01-28 07:03:35.663882,Tähtajaline elamisluba,Õppimine,Lõuna-Aafrika Vabariik,M, 40-44
2025-05-20 11:50:40.366569,Tähtajaline elamisluba,Ettevõtlus,Filipiinid,N, 50-54
2016-08-09 23:49:00.868915,Tähtajaline elamisluba,Õppimine,Austraalia,M, 70-74
2020-07-11 23:54:28.405195,Tähtajaline elamisluba,Õppimine,Brasiilia,N, 85+
2022-01-07 06:00:28.482131,Tähtajalise elamisloa pikendamine,Töötamine,Türgi,M, 70-74
2017-06-23 23:05:44.772097,Tähtajalise elamisloa pikendamine,Õppimine,Lõuna-Aafrika Vabariik,N, 15-19
2025-05-16 03:40:34.841934,Tähtajaline elamisluba,Püsivalt Eestisse elama asumine,Indoneesia,N, 75-79
2016-02-22 22:47:01.202570,Tähtajaline elamisluba,Õppimine,Nigeeria,N, 20-24
2024-03-23 11:22:57.757413,Tähtajaline elamisluba,Püsivalt Eestisse elama asumine,Türgi,M, 20-24
2020-03-20 05:41:41.265951,Tähtajaline elamisluba,Töötamine,Filipiinid,N, 35-39
2024-10-07 15:52:24.560976,Tähtajalise elamisloa pikendamine,Püsivalt Eestisse elama asumine,Bangladesh,N, 50-54
2025-04-24 01:29:07.004711,Tähtajaline elamisluba,Välisleping,Brasiilia,N, 30-34
2024-12-25 03:15:47.449732,Tähtajalise elamisloa pikendamine,Töötamine,Albaania,M, 80-84
2015-01-09 00:00:00.000000,Tähtajaline elamisluba,Õppimine,Kõrgõzstan,N, 75-79
2016-01-01 00:44:37.327494,Tähtajalise elamisloa pikendamine,Töötamine,Gambia,N, 80-84
2025-04-03 01:01:28.176298,Tähtajalise elamisloa pikendamine,Pereränne,Indoneesia,N, 55-59
2015-02-18 06:23:40.875616,Tähtajalise elamisloa pikendamine,Välisleping,Bangladesh,M, 20-24
2015-05-12 06:26:56.830129,Tähtajalise elamisloa pikendamine,Töötamine,Pakistan,N, 5-9
2024-01-14 08:19:05.168526,Tähtajaline elamisluba,Püsivalt Eestisse elama asumine,Ameerika Ühendriigid,M, 35-39
2015-04-06 02:01:58.073018,Tähtajaline elamisluba,Töötamine,Brasiilia,M, 0-4
2023-06-08 14:23:59.269957,Tähtajaline elamisluba,Pereränne,Ameerika Ühendriigid,N, 50-54
2019-07-05 19:57:35.164688,Tähtajalise elamisloa pikendamine,Püsivalt Eestisse elama asumine,Gambia,N, 35-39
2025-03-28 00:10:09.734970,Tähtajalise elamisloa pikendamine,Õppimine,Valgevene,N, 75-79
2019-12-05 22:42:50.333772,Tähtajalise elamisloa pikendamine,Pereränne,Afganistan,N, 65-69
2015-01-18 07:49:34.852165,Tähtajaline elamisluba,Õppimine,Gruusia,N, 60-64
2023-03-30 08:29:57.916769,Tähtajaline elamisluba,Töötamine,Nepal,N, 25-29
2015-04-17 00:56:18.599767,Tähtajalise elamisloa pikendamine,Püsivalt Eestisse elama asumine,Colombia,M, 70-74
2021-02-24 15:18:28.711162,Tähtajalise elamisloa pikendamine,Legaalne sissetulek,Hiina,N, 65-69
2025-04-27 11:18:01.837120,Tähtajaline elamisluba,Välisleping,Kõrgõzstan,M, 45-49
2025-06-02 00:00:00.000000,Tähtajaline elamisluba,Püsivalt Eestisse elama asumine,Kamerun,N, 60-64
2021-03-10 05:36:28.078417,Tähtajalise elamisloa pikendamine,Õppimine,Austraalia,M, 30-34
2025-06-01 23:59:59.999998,Tähtajalise elamisloa pikendamine,Püsivalt Eestisse elama asumine,Ukraina,M, 75-79
2015-01-23 15:54:55.946432,Tähtajalise elamisloa pikendamine,Õppimine,Tšiili,M, 35-39
2023-06-28 20:14:26.119428,Tähtajaline elamisluba,Töötamine,Nepal,N, 5-9
2025-01-07 23:11:13.779361,Tähtajalise elamisloa pikendamine,Püsivalt Eestisse elama asumine,Ameerika Ühendriigid,N, 20-24
2019-05-31 06:38:38.193934,Tähtajaline elamisluba,Pereränne,Filipiinid,N, 40-44
2021-07-15 04:38:10.616899,Tähtajalise elamisloa pikendamine,Töötamine,Türgi,N, 70-74
2021-10-14 05:25:32.808119,Tähtajalise elamisloa pikendamine,Pereränne,Iisrael,N, 85+
2015-08-06 05:39:31.485113,Tähtajalise elamisloa pikendamine,Legaalne sissetulek,Ukraina,N, 25-29
2015-01-09 00:18:12.258320,Tähtajaline elamisluba,Pereränne,Määratlemata kodakondsus,M, 70-74
2024-05-11 06:01:30.450339,Tähtajalise elamisloa pikendamine,Töötamine,Palestiina okupeeritud ala,M, 65-69
2025-03-03 10:43:25.358055,Tähtajalise elamisloa pikendamine,Ettevõtlus,Iisrael,N, 15-19
2025-06-01 23:58:50.631860,Tähtajaline elamisluba,Töötamine,Ukraina,M, 85+
2015-04-16 07:42:25.703359,Tähtajalise elamisloa pikendamine,Välisleping,Usbekistan,N, 65-69
2015-01-09 00:00:00.000000,Tähtajaline elamisluba,Ettevõtlus,Pakistan,N, 25-29
2025-05-26 22:41:47.886145,Tähtajaline elamisluba,Pereränne,Mehhiko,N, 15-19
2019-07-21 09:09:57.160240,Tähtajaline elamisluba,Töötamine,Iraan,M, 40-44
2025-03-31 11:46:42.497228,Tähtajaline elamisluba,Legaalne sissetulek,Libeeria,N, 60-64
2024-07-04 00:27:37.015804,Tähtajaline elamisluba,Ettevõtlus,Maroko,M, 85+
2021-02-27 19:11:28.669896,Tähtajaline elamisluba,Legaalne sissetulek,Taiwan,M, 0-4
2015-05-28 08:59:43.784542,Tähtajalise elamisloa pikendamine,Püsivalt Eestisse elama asumine,Valgevene,M, 15-19
2015-01-16 00:04:06.892610,Tähtajalise elamisloa pikendamine,Töötamine,Sierra Leone,M, 40-44
2023-11-28 05:24:07.266106,Tähtajalise elamisloa pikendamine,Püsivalt Eestisse elama asumine,Sierra Leone,M, 15-19
2015-09-07 16:09:15.351150,Tähtajalise elamisloa pikendamine,Legaalne sissetulek,Süüria,M, 55-59
2019-10-12 04:10:56.250862,Tähtajalise elamisloa pikendamine,Püsivalt Eestisse elama asumine,Nepal,N, 85+
2015-05-24 11:19:03.979178,Tähtajalise elamisloa pikendamine,Püsivalt Eestisse elama asumine,Gambia,M, 15-19
2018-06-15 19:39:20.909312,Tähtajaline elamisluba,Õppimine,Aserbaidžaan,M, 60-64
2020-12-03 07:07:52.121265,Tähtajalise elamisloa pikendamine,Õppimine,Süüria,N, 75-79
2022-03-20 01:26:06.472928,Tähtajaline elamisluba,Püsivalt Eestisse elama asumine,Muu,N, 30-34
2016-07-04 07:29:13.257593,Tähtajalise elamisloa pikendamine,Pereränne,Egiptus,N, 80-84
2022-11-11 15:46:34.198818,Tähtajalise elamisloa pikendamine,Välisleping,Ameerika Ühendriigid,M, 0-4
2024-05-23 03:35:36.838357,Tähtajaline elamisluba,Püsivalt Eestisse elama asumine,Iraan,M, 50-54
2025-06-02 00:00:00.000000,Tähtajaline elamisluba,Välisleping,Pakistan,N, 30-34
2018-06-07 15:02:47.202128,Tähtajaline elamisluba,Õppimine,Määratlemata kodakondsus,N, 20-24
2018-06-02 03:27:22.844396,Tähtajalise elamisloa pikendamine,Välisleping,Määratlemata kodakondsus,M, 50-54
2025-05-22 08:42:18.809612,Tähtajaline elamisluba,Ettevõtlus,Austraalia,M, 75-79
2019-02-12 17:32:54.555232,Tähtajalise elamisloa pikendamine,Õppimine,Pakistan,M, 35-39
2015-07-08 07:45:15.202876,Tähtajalise elamisloa pikendamine,Töötamine,Brasiilia,M, 70-74
2021-06-12 12:51:42.153920,Tähtajaline elamisluba,Legaalne sissetulek,Iisrael,M, 0-4
2015-10-28 00:54:55.650342,Tähtajalise elamisloa pikendamine,Püsivalt Eestisse elama asumine,Nigeeria,M, 30-34
2025-02-18 20:22:22.788947,Tähtajaline elamisluba,Töötamine,Kanada,N, 70-74
2020-02-08 18:27:32.988152,Tähtajalise elamisloa pikendamine,Töötamine,Filipiinid,M, 75-79
2020-04-10 09:30:47.813874,Tähtajaline elamisluba,Püsivalt Eestisse elama asumine,Ecuador,N, 35-39
2016-06-25 10:43:50.401722,Tähtajalise elamisloa pikendamine,Õppimine,Iraan,N, 30-34
2015-06-09 13:38:56.263481,Tähtajalise elamisloa pikendamine,Õppimine,Maroko,M, 15-19
2021-03-02 15:44:17.081422,Tähtajaline elamisluba,Püsivalt Eestisse elama asumine,Austraalia,M, 50-54
2021-01-26 23:04:41.767540,Tähtajalise elamisloa pikendamine,Õppimine,Moldova,N, 55-59
2021-07-07 13:47:07.409550,Tähtajalise elamisloa pikendamine,Töötamine,Brasiilia,N, 0-4
2025-05-28 08:35:02.660219,Tähtajaline elamisluba,Püsivalt Eestisse elama asumine,Libeeria,N, 0-4
2015-02-24 12:07:36.184740,Tähtajaline elamisluba,Töötamine,Taiwan,N, 15-19
2023-05-20 14:18:01.376360,Tähtajaline elamisluba,Püsivalt Eestisse elama asumine,Lõuna-Aafrika Vabariik,N, 65-69
2015-05-01 08:10:01.429541,Tähtajalise elamisloa pikendamine,Töötamine,Nigeeria,M, 40-44
2022-05-24 11:24:08.320819,Tähtajalise elamisloa pikendamine,Legaalne sissetulek,Venemaa,N, 70-74
2016-04-12 22:18:15.936063,Tähtajalise elamisloa pikendamine,Pereränne,Muu,N, 70-74
2020-11-04 18:44:21.764431,Tähtajaline elamisluba,Pereränne,Aserbaidžaan,N, 55-59
2025-06-01 11:57:12.040283,Tähtajalise elamisloa pikendamine,Pereränne,Kõrgõzstan,N, 85+
2021-04-27 12:17:30.928597,Tähtajalise elamisloa pikendamine,Ettevõtlus,Colombia,M, 20-24
2022-11-09 09:39:05.554464,Tähtajalise elamisloa pikendamine,Pereränne,India,M, 80-84
2015-01-09 18:29:39.046647,Tähtajaline elamisluba,Püsivalt Eestisse elama asumine,Austraalia,N, 25-29
2024-12-05 10:04:49.377664,Tähtajaline elamisluba,Töötamine,Albaania,N, 5-9
2022-02-15 17:55:47.480205,Tähtajaline elamisluba,Legaalne sissetulek,Albaania,M, 65-69
2025-04-20 10:58:45.889765,Tähtajalise elamisloa pikendamine,Pereränne,Brasiilia,N, 15-19
2016-07-13 08:20:31.132305,Tähtajalise elamisloa pikendamine,Välisleping,Tadžikistan,M, 20-24
2022-11-07 23:07:52.970882,Tähtajalise elamisloa pikendamine,Legaalne sissetulek,Kasahstan,M, 85+
2015-10-24 07:18:29.337213,Tähtajalise elamisloa pikendamine,Ettevõtlus,Ecuador,M, 70-74
2023-07-10 16:34:10.833038,Tähtajalise elamisloa pikendamine,Legaalne sissetulek,Lõuna-Aafrika Vabariik,N, 20-24
2015-01-09 00:00:00.000000,Tähtajalise elamisloa pikendamine,Legaalne sissetulek,Kasahstan,M, 20-24
2018-01-24 20:24:05.098608,Tähtajaline elamisluba,Õppimine,Libeeria,M, 20-24
2022-11-08 11:43:53.248118,Tähtajaline elamisluba,Püsivalt Eestisse elama asumine,Venemaa,M, 65-69
2023-08-20 06:48:17.869185,Tähtajaline elamisluba,Legaalne sissetulek,Albaania,M, 30-34
2024-11-29 00:34:46.286685,Tähtajalise elamisloa pikendamine,Õppimine,Ecuador,N, 0-4
2020-09-10 11:12:43.590767,Tähtajalise elamisloa pikendamine,Ettevõtlus,Aserbaidžaan,N, 50-54
2019-08-31 06:30:27.146757,Tähtajalise elamisloa pikendamine,Legaalne sissetulek,Lõuna-Aafrika Vabariik,N, 15-19
2020-07-10 21:27:52.782343,Tähtajaline elamisluba,Pereränne,Austraalia,N, 65-69
2018-08-29 22:21:04.208279,Tähtajaline elamisluba,Ettevõtlus,Gruusia,N, 70-74
2023-10-23 02:59:56.459729,Tähtajalise elamisloa pikendamine,Õppimine,Nepal,N, 5-9
2018-06-27 06:51:54.695492,Tähtajalise elamisloa pikendamine,Õppimine,Sri Lanka,M, 75-79
2017-12-02 22:52:03.041008,Tähtajaline elamisluba,Töötamine,Argentina,M, 80-84
2024-05-23 22:58:08.449408,Tähtajalise elamisloa pikendamine,Ettevõtlus,Aserbaidžaan,N, 55-59
2015-05-02 08:32:36.932090,Tähtajalise elamisloa pikendamine,Õppimine,Albaania,M, 70-74
2021-12-01 00:08:37.408940,Tähtajaline elamisluba,Ettevõtlus,Ukraina,N, 60-64
2016-02-25 17:20:10.272300,Tähtajaline elamisluba,Püsivalt Eestisse elama asumine,Hiina,M, 15-19
2015-02-16 07:38:27.529785,Tähtajalise elamisloa pikendamine,Ettevõtlus,Venezuela,M, 80-84
2015-10-28 21:02:50.422373,Tähtajaline elamisluba,Õppimine,Armeenia,N, 15-19
2019-08-19 01:31:50.748401,Tähtajaline elamisluba,Legaalne sissetulek,Tšiili,M, 55-59
2025-06-01 23:57:03.464335,Tähtajalise elamisloa pikendamine,Välisleping,Sierra Leone,M, 5-9
2025-06-01 23:47:59.294820,Tähtajaline elamisluba,Pereränne,Egiptus,N, 60-64
2017-05-16 01:53:47.132360,Tähtajalise elamisloa pikendamine,Töötamine,Usbekistan,M, 10-14
2023-02-01 02:38:29.240070,Tähtajaline elamisluba,Õppimine,Tšiili,M, 10-14
2016-02-18 09:57:59.343612,Tähtajaline elamisluba,Pereränne,Filipiinid,M, 0-4
2020-06-18 02:12:20.588457,Tähtajaline elamisluba,Välisleping,Hiina,N, 60-64
2020-02-17 00:07:34.588406,Tähtajaline elamisluba,Legaalne sissetulek,Aserbaidžaan,N, 55-59
2022-02-04 04:11:04.967954,Tähtajaline elamisluba,Legaalne sissetulek,Korea Vabariik,N, 80-84
2025-05-31 04:43:36.784560,Tähtajalise elamisloa pikendamine,Püsivalt Eestisse elama asumine,Suurbritannia,N, 60-64
2022-10-20 15:14:11.331332,Tähtajaline elamisluba,Õppimine,Iraan,N, 40-44
2025-01-07 06:45:16.718874,Tähtajaline elamisluba,Püsivalt Eestisse elama asumine,Kanada,N, 0-4
2018-10-03 04:32:56.163207,Tähtajalise elamisloa pikendamine,Legaalne sissetulek,Afganistan,N, 80-84
2016-10-21 09:57:15.419717,Tähtajaline elamisluba,Ettevõtlus,Lõuna-Aafrika Vabariik,M, 20-24
2023-07-13 20:02:59.114496,Tähtajalise elamisloa pikendamine,Õppimine,Argentina,M, 20-24
2016-07-21 05:22:15.993173,Tähtajaline elamisluba,Püsivalt Eestisse elama asumine,Albaania,M, 35-39
2020-07-17 17:59:43.416524,Tähtajaline elamisluba,Töötamine,Bangladesh,M, 75-79
2021-05-29 17:38:14.927056,Tähtajaline elamisluba,Pereränne,Gambia,M, 0-4
2016-10-20 18:29:22.703294,Tähtajalise elamisloa pikendamine,Õppimine,Brasiilia,N, 10-14
2023-06-04 22:57:51.352759,Tähtajalise elamisloa pikendamine,Püsivalt Eestisse elama asumine,Venezuela,N, 5-9
2023-03-11 12:47:45.830401,Tähtajaline elamisluba,Püsivalt Eestisse elama asumine,Palestiina okupeeritud ala,N, 85+
2022-01-30 14:40:23.723927,Tähtajaline elamisluba,Töötamine,Moldova,M, 50-54
2019-05-30 02:28:36.167742,Tähtajalise elamisloa pikendamine,Välisleping,Senegal,N, 45-49
2015-08-03 03:48:40.190389,Tähtajaline elamisluba,Pereränne,Sri Lanka,M, 25-29
2015-03-12 01:10:09.172496,Tähtajaline elamisluba,Legaalne sissetulek,Nigeeria,M, 15-19
2025-04-15 13:16:35.632300,Tähtajalise elamisloa pikendamine,Legaalne sissetulek,Ukraina,M, 35-39
2016-12-01 21:35:05.329693,Tähtajaline elamisluba,Püsivalt Eestisse elama asumine,Tai,M, 35-39
2020-08-16 03:24:46.988430,Tähtajaline elamisluba,Legaalne sissetulek,Gambia,N, 65-69
2022-03-03 04:31:57.510667,Tähtajalise elamisloa pikendamine,Legaalne sissetulek,Lõuna-Aafrika Vabariik,M, 0-4
2015-10-01 14:38:02.210866,Tähtajalise elamisloa pikendamine,Ettevõtlus,Egiptus,M, 20-24
2024-08-09 22:03:04.366376,Tähtajalise elamisloa pikendamine,Töötamine,Ukraina,M, 15-19
2025-05-06 06:45:28.280854,Tähtajalise elamisloa pikendamine,Püsivalt Eestisse elama asumine,Libeeria,M, 45-49
2015-01-09 00:00:00.000000,Tähtajalise elamisloa pikendamine,Töötamine,Korea Vabariik,M, 20-24
2017-04-02 19:36:47.855843,Tähtajalise elamisloa pikendamine,Välisleping,Venemaa,M, 50-54
2018-04-18 21:13:54.133490,Tähtajaline elamisluba,Pereränne,Korea Vabariik,M, 30-34
2025-05-15 08:48:09.101365,Tähtajalise elamisloa pikendamine,Välisleping,Egiptus,M, 75-79
2015-02-01 16:44:52.996409,Tähtajalise elamisloa pikendamine,Õppimine,Tšiili,M, 65-69
2025-05-17 13:01:30.896320,Tähtajaline elamisluba,Legaalne sissetulek,Gruusia,M, 85+
2015-07-14 11:02:18.363913,Tähtajaline elamisluba,Legaalne sissetulek,Mehhiko,M, 5-9
2015-09-08 14:10:27.794225,Tähtajalise elamisloa pikendamine,Püsivalt Eestisse elama asumine,Nigeeria,M, 80-84
2024-03-15 17:56:19.413808,Tähtajalise elamisloa pikendamine,Välisleping,Ecuador,N, 45-49
2018-02-11 23:32:34.269562,Tähtajalise elamisloa pikendamine,Õppimine,India,M, 10-14
2016-11-26 07:53:32.705848,Tähtajalise elamisloa pikendamine,Püsivalt Eestisse elama asumine,Sierra Leone,M, 60-64
2025-01-17 20:16:16.056446,Tähtajaline elamisluba,Töötamine,Aserbaidžaan,N, 40-44
2023-11-23 05:53:14.660861,Tähtajalise elamisloa pikendamine,Püsivalt Eestisse elama asumine,Tuneesia,N, 40-44
2018-12-21 19:30:32.351845,Tähtajalise elamisloa pikendamine,Pereränne,Gruusia,M, 50-54
2019-12-17 19:52:08.494253,Tähtajaline elamisluba,Legaalne sissetulek,Korea Vabariik,N, 30-34
2019-01-22 06:24:03.117277,Tähtajaline elamisluba,Töötamine,Türgi,M, 40-44
2021-01-06 03:41:22.459906,Tähtajalise elamisloa pikendamine,Püsivalt Eestisse elama asumine,Suurbritannia,M, 75-79
2022-02-18 05:21:32.621939,Tähtajaline elamisluba,Õppimine,Egiptus,M, 85+
2017-11-14 17:04:22.566533,Tähtajaline elamisluba,Välisleping,India,N, 55-59
2022-08-21 23:59:30.607958,Tähtajaline elamisluba,Õppimine,Nepal,N, 35-39
2020-01-13 18:35:54.344179,Tähtajaline elamisluba,Õppimine,Armeenia,M, 35-39
2022-07-30 13:44:28.576289,Tähtajaline elamisluba,Töötamine,Nepal,N, 15-19
2025-02-03 20:56:37.775098,Tähtajalise elamisloa pikendamine,Õppimine,Palestiina okupeeritud ala,N, 75-79
2020-07-15 18:05:47.285459,Tähtajaline elamisluba,Töötamine,Jaapan,M, 5-9
2016-12-10 04:57:19.980855,Tähtajaline elamisluba,Välisleping,Gambia,N, 70-74
2016-10-28 13:07:49.837721,Tähtajalise elamisloa pikendamine,Püsivalt Eestisse elama asumine,Ghana,M, 70-74
2022-10-25 22:32:49.433501,Tähtajalise elamisloa pikendamine,Välisleping,Gruusia,M, 0-4
2020-07-13 17:56:04.619111,Tähtajalise elamisloa pikendamine,Püsivalt Eestisse elama asumine,Gambia,N, 5-9
2025-05-06 08:36:59.755470,Tähtajaline elamisluba,Välisleping,Singapur,N, 40-44
2025-06-01 22:40:28.077327,Tähtajalise elamisloa pikendamine,Legaalne sissetulek,Egiptus,M, 50-54
2017-02-12 02:35:48.324993,Tähtajalise elamisloa pikendamine,Ettevõtlus,Valgevene,M, 30-34
2024-06-23 20:08:47.987428,Tähtajaline elamisluba,Püsivalt Eestisse elama asumine,Armeenia,M, 60-64
2023-04-18 13:28:10.753373,Tähtajalise elamisloa pikendamine,Pereränne,Kasahstan,M, 40-44
2025-05-08 06:55:15.180480,Tähtajaline elamisluba,Välisleping,Singapur,N, 65-69
2015-10-23 08:45:33.269387,Tähtajaline elamisluba,Ettevõtlus,Maroko,N, 30-34
2015-03-14 13:49:18.595677,Tähtajalise elamisloa pikendamine,Õppimine,Argentina,N, 15-19
2021-12-27 21:14:02.863602,Tähtajaline elamisluba,Välisleping,Taiwan,M, 5-9
2024-03-09 12:41:15.929639,Tähtajaline elamisluba,Välisleping,Brasiilia,N, 10-14
2023-10-21 04:56:03.833713,Tähtajalise elamisloa pikendamine,Välisleping,Korea Vabariik,N, 85+
2025-03-19 01:20:04.603806,Tähtajalise elamisloa pikendamine,Õppimine,Brasiilia,M, 30-34
2021-11-26 12:47:10.695481,Tähtajaline elamisluba,Töötamine,Aserbaidžaan,N, 60-64
2022-07-10 12:47:41.049445,Tähtajaline elamisluba,Püsivalt Eestisse elama asumine,Maroko,M, 5-9
2025-04-23 15:55:30.176569,Tähtajalise elamisloa pikendamine,Töötamine,Jaapan,N, 75-79
2023-06-14 21:15:30.099385,Tähtajalise elamisloa pikendamine,Ettevõtlus,Nigeeria,N, 25-29
2025-02-02 07:13:07.909380,Tähtajalise elamisloa pikendamine,Välisleping,Nepal,N, 15-19
2024-05-16 13:28:34.635543,Tähtajaline elamisluba,Püsivalt Eestisse elama asumine,Kasahstan,M, 40-44
2025-06-01 23:59:59.876914,Tähtajalise elamisloa pikendamine,Õppimine,Türgi,M, 65-69
2024-03-18 12:25:20.339885,Tähtajaline elamisluba,Välisleping,Muu,M, 0-4
2017-04-08 13:48:30.045780,Tähtajaline elamisluba,Töötamine,Moldova,M, 65-69
2017-07-06 16:43:15.459838,Tähtajalise elamisloa pikendamine,Püsivalt Eestisse elama asumine,Egiptus,M, 60-64
2025-03-06 20:08:57.478105,Tähtajaline elamisluba,Püsivalt Eestisse elama asumine,Armeenia,N, 30-34
2024-01-02 14:04:13.924606,Tähtajalise elamisloa pikendamine,Välisleping,Brasiilia,N, 85+
2021-09-26 06:16:13.409185,Tähtajaline elamisluba,Ettevõtlus,Venemaa,M, 30-34
2024-07-25 04:04:35.907667,Tähtajalise elamisloa pikendamine,Ettevõtlus,Brasiilia,N, 25-29
2019-12-23 21:13:33.971586,Tähtajalise elamisloa pikendamine,Töötamine,Taiwan,M, 85+
2025-06-01 23:21:16.125663,Tähtajalise elamisloa pikendamine,Õppimine,Kasahstan,N, 25-29
2019-10-07 19:47:08.576393,Tähtajaline elamisluba,Püsivalt Eestisse elama asumine,Filipiinid,N, 25-29
2025-05-27 13:20:03.122958,Tähtajaline elamisluba,Välisleping,Iisrael,N, 75-79
2021-11-22 04:33:45.941091,Tähtajaline elamisluba,Töötamine,Aserbaidžaan,N, 20-24
2019-07-09 09:33:43.026549,Tähtajaline elamisluba,Välisleping,Bangladesh,M, 60-64
2019-05-03 07:01:12.934048,Tähtajalise elamisloa pikendamine,Püsivalt Eestisse elama asumine,Hiina,N, 80-84
2025-06-01 14:09:02.539575,Tähtajaline elamisluba,Legaalne sissetulek,Moldova,M, 20-24
2017-12-05 07:58:34.761269,Tähtajaline elamisluba,Legaalne sissetulek,Afganistan,M, 0-4
2018-01-06 08:43:13.483178,Tähtajaline elamisluba,Legaalne sissetulek,Sierra Leone,N, 25-29
2022-11-12 23:40:50.410573,Tähtajaline elamisluba,Õppimine,Moldova,N, 80-84
2022-05-07 18:57:55.263606,Tähtajaline elamisluba,Pereränne,Palestiina okupeeritud ala,N, 10-14
2019-05-20 16:04:33.166938,Tähtajaline elamisluba,Õppimine,Venezuela,M, 75-79
2018-05-15 13:42:20.255436,Tähtajaline elamisluba,Püsivalt Eestisse elama asumine,Venemaa,N, 65-69
2018-04-14 11:53:54.730291,Tähtajaline elamisluba,Ettevõtlus,Gruusia,M, 30-34
2018-02-09 05:27:33.271966,Tähtajalise elamisloa pikendamine,Legaalne sissetulek,Ecuador,M, 0-4
2018-02-17 13:05:52.834179,Tähtajaline elamisluba,Ettevõtlus,Ameerika Ühendriigid,M, 20-24
2021-02-18 07:56:57.790371,Tähtajaline elamisluba,Töötamine,Argentina,N, 40-44
2023-04-18 08:21:28.123393,Tähtajaline elamisluba,Õppimine,Sierra Leone,N, 65-69
2021-11-17 00:08:18.089981,Tähtajaline elamisluba,Legaalne sissetulek,Filipiinid,N, 0-4
2019-11-30 03:44:06.229544,Tähtajaline elamisluba,Töötamine,India,N, 60-64
2020-06-10 17:00:11.475244,Tähtajaline elamisluba,Töötamine,Malaisia,N, 30-34
2019-03-08 13:04:49.558768,Tähtajaline elamisluba,Töötamine,Senegal,N, 75-79
2020-06-26 05:25:14.278766,Tähtajaline elamisluba,Pereränne,Sierra Leone,N, 75-79
2016-07-06 12:21:25.013941,Tähtajaline elamisluba,Välisleping,Venezuela,N, 70-74
2015-01-11 10:36:34.260077,Tähtajalise elamisloa pikendamine,Välisleping,Jaapan,M, 60-64
2015-12-09 00:03:14.248554,Tähtajaline elamisluba,Õppimine,Senegal,N, 45-49
2015-01-09 00:00:00.000000,Tähtajalise elamisloa pikendamine,Püsivalt Eestisse elama asumine,Indoneesia,M, 85+
2019-11-25 21:47:43.146951,Tähtajaline elamisluba,Õppimine,Ghana,N, 15-19
2018-11-23 04:47:53.811398,Tähtajalise elamisloa pikendamine,Välisleping,Lõuna-Aafrika Vabariik,N, 35-39
2024-11-19 17:43:27.144168,Tähtajaline elamisluba,Legaalne sissetulek,Libeeria,M, 50-54
2023-01-19 15:09:05.586680,Tähtajalise elamisloa pikendamine,Legaalne sissetulek,Määratlemata kodakondsus,N, 10-14
2016-09-29 01:57:31.240940,Tähtajaline elamisluba,Õppimine,Nepal,M, 85+
2025-06-01 23:38:44.979762,Tähtajaline elamisluba,Pereränne,Hiina,M, 10-14
2020-06-28 11:49:37.268847,Tähtajaline elamisluba,Õppimine,Kamerun,N, 55-59
2019-04-30 18:43:15.778519,Tähtajalise elamisloa pikendamine,Püsivalt Eestisse elama asumine,India,N, 45-49
2015-01-16 18:13:15.902023,Tähtajalise elamisloa pikendamine,Töötamine,Maroko,M, 85+
2020-04-01 23:49:31.769152,Tähtajalise elamisloa pikendamine,Pereränne,Taiwan,M, 55-59
2021-10-14 18:49:21.115772,Tähtajaline elamisluba,Ettevõtlus,Colombia,M, 65-69
2017-10-15 17:18:57.281851,Tähtajalise elamisloa pikendamine,Õppimine,Sierra Leone,N, 20-24
2016-06-11 05:11:44.656550,Tähtajalise elamisloa pikendamine,Ettevõtlus,Kasahstan,M, 85+
2021-04-14 04:12:59.956270,Tähtajalise elamisloa pikendamine,Püsivalt Eestisse elama asumine,Indoneesia,N, 85+
2016-10-28 00:41:32.670330,Tähtajalise elamisloa pikendamine,Välisleping,Tadžikistan,N, 15-19
2018-07-19 05:06:50.682497,Tähtajalise elamisloa pikendamine,Välisleping,Määratlemata kodakondsus,N, 60-64
2017-06-11 19:23:42.574262,Tähtajaline elamisluba,Õppimine,Taiwan,N, 80-84
2024-10-07 15:52:02.460474,Tähtajalise elamisloa pikendamine,Legaalne sissetulek,Lõuna-Aafrika Vabariik,N, 35-39
2015-03-30 15:27:44.591223,Tähtajalise elamisloa pikendamine,Ettevõtlus,Kasahstan,M, 80-84
2025-03-12 09:16:53.991836,Tähtajaline elamisluba,Pereränne,Venemaa,M, 75-79
2017-10-14 03:15:41.940526,Tähtajalise elamisloa pikendamine,Õppimine,Sri Lanka,N, 80-84
2025-05-11 12:05:51.962913,Tähtajalise elamisloa pikendamine,Välisleping,Usbekistan,N, 55-59
2021-04-08 03:37:28.395888,Tähtajalise elamisloa pikendamine,Püsivalt Eestisse elama asumine,Filipiinid,M, 70-74
2016-04-04 17:36:52.923858,Tähtajalise elamisloa pikendamine,Legaalne sissetulek,Filipiinid,M, 35-39
2018-08-28 10:27:47.501588,Tähtajalise elamisloa pikendamine,Pereränne,Maroko,N, 25-29
2024-09-28 20:21:46.110022,Tähtajaline elamisluba,Püsivalt Eestisse elama asumine,Hiina,M, 35-39
2023-01-22 00:29:05.156267,Tähtajalise elamisloa pikendamine,Välisleping,Suurbritannia,N, 5-9
2022-04-01 11:06:30.678799,Tähtajalise elamisloa pikendamine,Legaalne sissetulek,Malaisia,N, 55-59
2024-06-09 18:57:22.667069,Tähtajalise elamisloa pikendamine,Pereränne,Sri Lanka,M, 70-74
2016-01-30 18:50:46.779761,Tähtajalise elamisloa pikendamine,Õppimine,Kanada,M, 80-84
2020-01-14 12:12:16.896258,Tähtajaline elamisluba,Legaalne sissetulek,Maroko,M, 35-39
2025-05-04 07:13:54.085563,Tähtajalise elamisloa pikendamine,Pereränne,Hiina,M, 75-79
2017-06-16 11:18:33.662534,Tähtajaline elamisluba,Pereränne,Suurbritannia,M, 0-4
2015-01-09 00:00:00.000000,Tähtajaline elamisluba,Välisleping,Mehhiko,N, 85+
2016-02-14 02:09:07.299094,Tähtajalise elamisloa pikendamine,Välisleping,Austraalia,N, 10-14
2023-06-07 14:17:30.545519,Tähtajalise elamisloa pikendamine,Püsivalt Eestisse elama asumine,Määratlemata kodakondsus,M, 5-9
2021-05-11 18:38:59.915497,Tähtajaline elamisluba,Pereränne,Indoneesia,M, 40-44
2025-01-09 04:12:53.831481,Tähtajalise elamisloa pikendamine,Õppimine,Malaisia,N, 75-79
2022-12-04 08:28:23.522035,Tähtajalise elamisloa pikendamine,Pereränne,Filipiinid,M, 5-9
2024-11-01 23:09:00.606156,Tähtajalise elamisloa pikendamine,Legaalne sissetulek,Kasahstan,M, 50-54
2025-06-01 23:57:53.369972,Tähtajalise elamisloa pikendamine,Töötamine,Austraalia,M, 15-19
2021-07-04 15:19:31.808194,Tähtajalise elamisloa pikendamine,Töötamine,Egiptus,M, 85+
2016-03-07 15:15:57.561650,Tähtajaline elamisluba,Püsivalt Eestisse elama asumine,Moldova,M, 70-74
2024-08-18 04:30:10.165962,Tähtajalise elamisloa pikendamine,Püsivalt Eestisse elama asumine,Korea Vabariik,N, 10-14
2018-05-20 05:39:01.419860,Tähtajalise elamisloa pikendamine,Välisleping,Egiptus,N, 15-19
2021-09-13 01:23:18.152040,Tähtajalise elamisloa pikendamine,Õppimine,Tuneesia,N, 35-39
2022-08-22 16:37:46.344674,Tähtajaline elamisluba,Välisleping,Nepal,M, 15-19
2019-02-02 08:09:30.531246,Tähtajaline elamisluba,Ettevõtlus,Määratlemata kodakondsus,M, 40-44
2025-03-17 08:07:58.463734,Tähtajalise elamisloa pikendamine,Õppimine,Iisrael,N, 70-74
2017-11-20 08:38:11.057205,Tähtajaline elamisluba,Püsivalt Eestisse elama asumine,Valgevene,N, 50-54
2024-01-30 09:16:18.317891,Tähtajalise elamisloa pikendamine,Püsivalt Eestisse elama asumine,Gambia,M, 5-9
2018-07-27 23:22:15.521431,Tähtajaline elamisluba,Töötamine,India,N, 15-19
2021-03-01 20:08:40.831523,Tähtajaline elamisluba,Püsivalt Eestisse elama asumine,Venezuela,N, 40-44
2022-12-18 21:14:58.644700,Tähtajaline elamisluba,Ettevõtlus,Hiina,M, 70-74
2022-03-12 04:00:38.430879,Tähtajaline elamisluba,Töötamine,Afganistan,N, 20-24
2025-01-22 22:45:14.741722,Tähtajalise elamisloa pikendamine,Õppimine,Senegal,N, 55-59
2024-08-02 20:14:20.609595,Tähtajaline elamisluba,Legaalne sissetulek,Malaisia,N, 0-4
2025-01-17 09:33:44.337632,Tähtajalise elamisloa pikendamine,Välisleping,Ecuador,N, 65-69
2025-03-26 03:24:27.225578,Tähtajaline elamisluba,Legaalne sissetulek,Türgi,M, 55-59
2017-11-30 02:31:02.218125,Tähtajalise elamisloa pikendamine,Püsivalt Eestisse elama asumine,Venezuela,M, 45-49
2015-11-07 22:34:48.959872,Tähtajalise elamisloa pikendamine,Püsivalt Eestisse elama asumine,Ghana,N, 30-34
2023-05-04 06:30:53.165209,Tähtajaline elamisluba,Õppimine,Gambia,N, 55-59
2021-07-08 11:41:36.318987,Tähtajaline elamisluba,Õppimine,Usbekistan,M, 80-84
2015-02-14 16:30:43.896394,Tähtajaline elamisluba,Töötamine,Valgevene,N, 20-24
2016-08-05 19:11:42.155217,Tähtajalise elamisloa pikendamine,Pereränne,Iisrael,N, 60-64
2022-08-16 13:18:04.104357,Tähtajaline elamisluba,Ettevõtlus,Vietnam,M, 40-44
2017-01-26 11:54:30.738436,Tähtajaline elamisluba,Ettevõtlus,Iisrael,M, 80-84
2025-02-10 20:52:32.459033,Tähtajaline elamisluba,Püsivalt Eestisse elama asumine,Kanada,N, 0-4
2025-05-30 17:02:55.751239,Tähtajaline elamisluba,Õppimine,Kanada,M, 60-64
2015-08-11 03:09:05.960687,Tähtajalise elamisloa pikendamine,Püsivalt Eestisse elama asumine,Afganistan,N, 10-14
2025-04-21 18:52:55.544471,Tähtajaline elamisluba,Legaalne sissetulek,Ecuador,N, 65-69
2016-10-25 23:32:17.564569,Tähtajaline elamisluba,Pereränne,Iraan,M, 15-19
2016-05-15 11:31:41.949817,Tähtajaline elamisluba,Ettevõtlus,Nepal,M, 75-79
2019-08-27 00:45:56.313468,Tähtajaline elamisluba,Ettevõtlus,Tuneesia,N, 30-34
2016-01-14 02:11:45.698220,Tähtajalise elamisloa pikendamine,Püsivalt Eestisse elama asumine,Hiina,N, 80-84
2017-09-12 11:36:18.095877,Tähtajaline elamisluba,Püsivalt Eestisse elama asumine,Egiptus,M, 20-24
2021-03-07 17:26:16.904061,Tähtajalise elamisloa pikendamine,Püsivalt Eestisse elama asumine,Lõuna-Aafrika Vabariik,M, 5-9
2015-04-17 01:43:45.989971,Tähtajalise elamisloa pikendamine,Õppimine,Albaania,N, 20-24
2024-04-21 10:41:20.748896,Tähtajalise elamisloa pikendamine,Õppimine,Ecuador,M, 40-44
2017-10-09 03:51:12.548270,Tähtajalise elamisloa pikendamine,Õppimine,Jaapan,N, 80-84
2022-11-20 02:47:35.116811,Tähtajaline elamisluba,Pereränne,Tai,M, 15-19
2020-02-05 12:57:15.715383,Tähtajalise elamisloa pikendamine,Legaalne sissetulek,Singapur,N, 80-84
2016-12-29 04:11:03.435065,Tähtajaline elamisluba,Õppimine,Venezuela,N, 25-29
2024-06-10 09:51:39.727081,Tähtajalise elamisloa pikendamine,Õppimine,Sri Lanka,N, 0-4
2020-11-11 19:19:18.336859,Tähtajalise elamisloa pikendamine,Püsivalt Eestisse elama asumine,Palestiina okupeeritud ala,M, 50-54
2022-04-05 12:19:16.542074,Tähtajaline elamisluba,Legaalne sissetulek,Gruusia,N, 5-9
2020-12-29 19:13:56.221420,Tähtajalise elamisloa pikendamine,Püsivalt Eestisse elama asumine,Süüria,M, 30-34
2024-01-02 01:28:47.051718,Tähtajaline elamisluba,Püsivalt Eestisse elama asumine,Ukraina,M, 60-64
2022-09-21 10:04:14.879796,Tähtajaline elamisluba,Püsivalt Eestisse elama asumine,Kasahstan,N, 10-14
2015-01-27 07:07:23.211299,Tähtajaline elamisluba,Püsivalt Eestisse elama asumine,Indoneesia,M, 55-59
2021-01-06 03:44:37.023091,Tähtajalise elamisloa pikendamine,Õppimine,Kanada,N, 35-39
2020-05-17 07:57:27.009692,Tähtajalise elamisloa pikendamine,Õppimine,Bangladesh,N, 85+
2023-12-09 04:07:39.529417,Tähtajaline elamisluba,Õppimine,Valgevene,M, 40-44
2018-12-25 02:46:53.874497,Tähtajalise elamisloa pikendamine,Legaalne sissetulek,Singapur,N, 5-9
2022-10-28 21:01:51.181621,Tähtajaline elamisluba,Töötamine,Albaania,N, 25-29
2025-06-01 23:58:16.928705,Tähtajaline elamisluba,Pereränne,Sri Lanka,N, 35-39
2015-04-03 09:37:38.829951,Tähtajaline elamisluba,Püsivalt Eestisse elama asumine,India,N, 50-54
2016-10-08 10:21:43.419475,Tähtajaline elamisluba,Püsivalt Eestisse elama asumine,Hiina,N, 0-4
2024-04-23 10:57:35.341139,Tähtajalise elamisloa pikendamine,Püsivalt Eestisse elama asumine,Tai,N, 15-19
2024-03-24 09:03:07.623962,Tähtajaline elamisluba,Õppimine,Sierra Leone,M, 5-9
2015-03-03 19:51:32.882500,Tähtajaline elamisluba,Välisleping,Iraan,M, 20-24
2024-08-07 12:50:54.181452,Tähtajalise elamisloa pikendamine,Õppimine,India,N, 50-54
2015-01-09 00:00:00.000000,Tähtajaline elamisluba,Püsivalt Eestisse elama asumine,Ghana,M, 55-59
2023-08-28 17:01:37.262118,Tähtajalise elamisloa pikendamine,Töötamine,Colombia,M, 55-59
2020-03-28 01:51:34.246906,Tähtajalise elamisloa pikendamine,Ettevõtlus,Egiptus,N, 0-4
2015-09-14 04:43:25.917591,Tähtajalise elamisloa pikendamine,Välisleping,Aserbaidžaan,M, 30-34
2024-02-12 02:02:28.925853,Tähtajalise elamisloa pikendamine,Välisleping,Tuneesia,M, 75-79
2016-09-03 21:01:57.740939,Tähtajaline elamisluba,Püsivalt Eestisse elama asumine,Venemaa,N, 0-4
2022-12-18 22:46:15.526129,Tähtajalise elamisloa pikendamine,Õppimine,Lõuna-Aafrika Vabariik,N, 30-34
2018-03-27 16:51:00.861772,Tähtajaline elamisluba,Pereränne,Hiina,M, 55-59
2018-05-01 10:54:03.925859,Tähtajalise elamisloa pikendamine,Töötamine,Usbekistan,N, 35-39
2021-09-18 06:06:56.928026,Tähtajaline elamisluba,Õppimine,Kasahstan,M, 85+
2016-08-21 09:35:37.587268,Tähtajaline elamisluba,Õppimine,Filipiinid,M, 65-69
2016-10-28 16:01:02.293969,Tähtajalise elamisloa pikendamine,Ettevõtlus,Albaania,M, 80-84
2025-02-03 19:33:09.290404,Tähtajalise elamisloa pikendamine,Õppimine,Ecuador,M, 65-69
2017-05-29 10:59:22.177650,Tähtajalise elamisloa pikendamine,Ettevõtlus,Sri Lanka,N, 70-74
2025-05-23 00:21:04.073245,Tähtajaline elamisluba,Töötamine,Gruusia,N, 45-49
2016-05-06 10:07:19.267401,Tähtajalise elamisloa pikendamine,Püsivalt Eestisse elama asumine,Afganistan,N, 0-4
2024-09-21 07:52:21.998823,Tähtajaline elamisluba,Välisleping,Libeeria,N, 50-54
2020-11-08 05:32:01.355955,Tähtajaline elamisluba,Õppimine,Hiina,N, 10-14
2017-06-24 12:45:24.953091,Tähtajalise elamisloa pikendamine,Ettevõtlus,Indoneesia,N, 85+
2015-12-07 08:12:39.229906,Tähtajalise elamisloa pikendamine,Pereränne,Venemaa,N, 85+
2017-11-01 04:08:45.816561,Tähtajaline elamisluba,Ettevõtlus,Sri Lanka,M, 40-44
2024-07-01 18:22:47.854014,Tähtajaline elamisluba,Õppimine,Ghana,M, 15-19
2019-04-04 21:31:24.636579,Tähtajaline elamisluba,Töötamine,Iraan,N, 75-79
2017-11-25 00:47:38.282699,Tähtajaline elamisluba,Püsivalt Eestisse elama asumine,Colombia,M, 70-74
2016-06-01 10:56:18.104239,Tähtajaline elamisluba,Ettevõtlus,Colombia,N, 0-4
2015-11-24 19:34:35.926508,Tähtajaline elamisluba,Õppimine,Libeeria,N, 85+
2019-01-20 14:45:16.408475,Tähtajaline elamisluba,Legaalne sissetulek,Valgevene,M, 35-39
2023-08-03 16:07:14.215812,Tähtajalise elamisloa pikendamine,Püsivalt Eestisse elama asumine,Sierra Leone,N, 50-54
2025-04-06 01:30:47.519160,Tähtajaline elamisluba,Töötamine,Sierra Leone,M, 20-24
2017-09-30 01:06:54.379120,Tähtajalise elamisloa pikendamine,Välisleping,Sierra Leone,N, 70-74
2021-11-12 06:43:24.960681,Tähtajaline elamisluba,Töötamine,Afganistan,N, 55-59
2016-06-03 10:36:35.926156,Tähtajaline elamisluba,Ettevõtlus,Maroko,M, 10-14
2018-11-09 22:06:55.344845,Tähtajalise elamisloa pikendamine,Õppimine,Iisrael,M, 20-24
2018-04-11 11:19:31.235641,Tähtajalise elamisloa pikendamine,Ettevõtlus,Süüria,N, 65-69
2015-11-24 06:05:27.385243,Tähtajaline elamisluba,Välisleping,Suurbritannia,N, 50-54
2019-09-11 11:05:43.241083,Tähtajaline elamisluba,Välisleping,Ghana,M, 10-14
2016-12-25 17:55:16.268806,Tähtajaline elamisluba,Töötamine,Gruusia,N, 10-14
2016-07-21 08:08:12.004778,Tähtajaline elamisluba,Töötamine,Sri Lanka,M, 30-34
2021-02-10 19:44:03.826765,Tähtajalise elamisloa pikendamine,Pereränne,Jaapan,N, 35-39
2025-04-11 03:59:50.149361,Tähtajalise elamisloa pikendamine,Pereränne,Ukraina,N, 55-59
2022-07-30 14:01:27.581061,Tähtajalise elamisloa pikendamine,Töötamine,Nigeeria,M, 35-39
2020-07-03 06:20:34.469786,Tähtajaline elamisluba,Õppimine,Kanada,M, 15-19
2021-06-27 23:03:00.658440,Tähtajalise elamisloa pikendamine,Õppimine,Nepal,M, 15-19
2015-01-16 23:05:57.111569,Tähtajaline elamisluba,Legaalne sissetulek,Iraan,N, 70-74
2022-04-22 15:59:45.457772,Tähtajalise elamisloa pikendamine,Õppimine,Gambia,N, 80-84
2025-05-31 05:42:23.239209,Tähtajaline elamisluba,Ettevõtlus,Gruusia,M, 50-54
2025-04-27 22:13:31.588908,Tähtajaline elamisluba,Töötamine,Valgevene,M, 0-4
2015-04-14 07:16:45.836584,Tähtajaline elamisluba,Töötamine,Kamerun,M, 0-4
2016-09-10 06:06:14.014192,Tähtajaline elamisluba,Püsivalt Eestisse elama asumine,Brasiilia,M, 85+
2024-07-08 21:13:38.974656,Tähtajaline elamisluba,Töötamine,Austraalia,M, 15-19
2020-03-27 22:21:20.663922,Tähtajalise elamisloa pikendamine,Pereränne,Ameerika Ühendriigid,N, 80-84
2021-10-14 21:04:50.565868,Tähtajalise elamisloa pikendamine,Püsivalt Eestisse elama asumine,Korea Vabariik,M, 40-44
2021-06-01 16:41:34.405133,Tähtajaline elamisluba,Ettevõtlus,Austraalia,M, 60-64
2025-05-06 09:24:14.689703,Tähtajalise elamisloa pikendamine,Välisleping,Tadžikistan,N, 0-4
2017-12-23 09:10:09.201352,Tähtajalise elamisloa pikendamine,Töötamine,Hiina,N, 50-54
2021-04-23 19:57:34.843955,Tähtajalise elamisloa pikendamine,Välisleping,Iraan,M, 60-64
2024-03-09 00:56:15.443693,Tähtajalise elamisloa pikendamine,Legaalne sissetulek,Afganistan,N, 20-24
2024-10-16 14:04:17.618896,Tähtajalise elamisloa pikendamine,Legaalne sissetulek,Libeeria,M, 50-54
2025-05-18 13:31:09.023653,Tähtajaline elamisluba,Õppimine,Armeenia,M, 25-29
2022-05-05 23:59:49.367813,Tähtajalise elamisloa pikendamine,Töötamine,Moldova,M, 50-54
2020-07-22 07:16:13.590919,Tähtajaline elamisluba,Õppimine,Mehhiko,N, 55-59
2015-01-19 07:27:21.753035,Tähtajaline elamisluba,Pereränne,Moldova,N, 30-34
2018-04-15 11:41:55.339610,Tähtajaline elamisluba,Välisleping,Egiptus,M, 50-54
2021-01-03 11:21:22.537144,Tähtajaline elamisluba,Püsivalt Eestisse elama asumine,Muu,N, 35-39
2025-06-01 23:59:56.510843,Tähtajaline elamisluba,Töötamine,Nigeeria,N, 70-74
2022-03-02 23:19:55.979144,Tähtajaline elamisluba,Välisleping,Iraan,M, 20-24
2022-07-16 04:40:06.535582,Tähtajaline elamisluba,Välisleping,Jaapan,M, 50-54
2017-10-10 16:08:07.760434,Tähtajalise elamisloa pikendamine,Töötamine,Palestiina okupeeritud ala,N, 40-44
2020-07-12 02:23:03.694859,Tähtajaline elamisluba,Välisleping,Palestiina okupeeritud ala,M, 40-44
2016-08-10 14:55:20.946651,Tähtajalise elamisloa pikendamine,Püsivalt Eestisse elama asumine,India,N, 15-19
2021-01-22 01:06:36.186115,Tähtajalise elamisloa pikendamine,Ettevõtlus,Filipiinid,N, 15-19
2022-04-17 15:23:25.870206,Tähtajaline elamisluba,Töötamine,Jaapan,N, 15-19
2025-05-20 14:12:44.816338,Tähtajalise elamisloa pikendamine,Püsivalt Eestisse elama asumine,Türgi,N, 5-9
2025-06-01 23:59:59.999784,Tähtajaline elamisluba,Püsivalt Eestisse elama asumine,Argentina,N, 55-59
2025-03-13 08:19:05.846924,Tähtajalise elamisloa pikendamine,Õppimine,Venezuela,M, 60-64
2020-04-24 07:16:18.670005,Tähtajalise elamisloa pikendamine,Töötamine,Argentina,M, 0-4
2021-12-19 17:27:21.492329,Tähtajalise elamisloa pikendamine,Töötamine,Usbekistan,M, 25-29
2018-01-31 23:11:18.234609,Tähtajalise elamisloa pikendamine,Õppimine,Määratlemata kodakondsus,M, 45-49
2024-02-15 16:05:33.288445,Tähtajaline elamisluba,Püsivalt Eestisse elama asumine,Usbekistan,M, 25-29
2015-06-23 23:50:36.723594,Tähtajalise elamisloa pikendamine,Õppimine,Süüria,N, 15-19
2016-05-08 23:34:53.859298,Tähtajaline elamisluba,Õppimine,Taiwan,M, 25-29
2025-03-22 00:19:54.032185,Tähtajalise elamisloa pikendamine,Õppimine,Libeeria,M, 40-44
2024-11-22 15:49:03.207141,Tähtajaline elamisluba,Püsivalt Eestisse elama asumine,Brasiilia,M, 40-44
2024-06-28 17:34:10.615030,Tähtajalise elamisloa pikendamine,Püsivalt Eestisse elama asumine,Korea Vabariik,M, 80-84
2022-04-13 19:34:01.917223,Tähtajaline elamisluba,Välisleping,Hiina,N, 40-44
2020-11-07 08:36:48.419133,Tähtajalise elamisloa pikendamine,Töötamine,Nepal,N, 30-34
2022-10-13 04:34:11.773860,Tähtajaline elamisluba,Ettevõtlus,Gruusia,N, 15-19
2025-06-01 23:59:59.999288,Tähtajalise elamisloa pikendamine,Õppimine,Venemaa,N, 25-29
2015-06-15 09:25:27.579198,Tähtajalise elamisloa pikendamine,Pereränne,Tuneesia,N, 60-64
2025-05-26 16:12:05.595184,Tähtajalise elamisloa pikendamine,Välisleping,Sierra Leone,M, 50-54
2024-11-23 09:14:33.228486,Tähtajaline elamisluba,Legaalne sissetulek,Tadžikistan,M, 40-44
2015-01-09 09:20:57.574129,Tähtajalise elamisloa pikendamine,Legaalne sissetulek,Määratlemata kodakondsus,N, 65-69
2025-02-24 08:06:17.803185,Tähtajalise elamisloa pikendamine,Õppimine,Kanada,N, 40-44
2019-09-14 04:40:42.051237,Tähtajalise elamisloa pikendamine,Välisleping,Nigeeria,M, 30-34
2016-04-07 16:08:36.012603,Tähtajaline elamisluba,Püsivalt Eestisse elama asumine,Suurbritannia,N, 60-64
2023-11-09 08:39:32.067422,Tähtajaline elamisluba,Legaalne sissetulek,Vietnam,N, 10-14
2022-05-04 09:06:51.408927,Tähtajalise elamisloa pikendamine,Pereränne,Vietnam,M, 60-64
2020-03-06 20:25:19.579406,Tähtajalise elamisloa pikendamine,Püsivalt Eestisse elama asumine,Egiptus,N, 5-9
2025-01-26 09:33:54.985480,Tähtajalise elamisloa pikendamine,Pereränne,Tai,M, 15-19
2015-05-21 15:40:16.954016,Tähtajaline elamisluba,Töötamine,Türgi,M, 65-69
2019-05-15 18:45:08.070669,Tähtajaline elamisluba,Legaalne sissetulek,Muu,N, 30-34
2022-04-29 23:55:02.506059,Tähtajalise elamisloa pikendamine,Töötamine,Venemaa,N, 20-24
2019-05-23 07:02:49.109036,Tähtajalise elamisloa pikendamine,Püsivalt Eestisse elama asumine,Filipiinid,M, 10-14
2018-03-15 01:10:58.135127,Tähtajaline elamisluba,Püsivalt Eestisse elama asumine,Gambia,M, 80-84
2018-10-26 19:22:14.985074,Tähtajalise elamisloa pikendamine,Õppimine,Sierra Leone,N, 35-39
2019-06-22 23:10:43.261600,Tähtajalise elamisloa pikendamine,Legaalne sissetulek,Iraan,M, 40-44
2019-12-23 11:50:01.886281,Tähtajalise elamisloa pikendamine,Püsivalt Eestisse elama asumine,Sri Lanka,M, 25-29
2023-01-03 22:30:32.006813,Tähtajalise elamisloa pikendamine,Töötamine,Egiptus,M, 30-34
2015-05-04 06:37:06.236716,Tähtajalise elamisloa pikendamine,Välisleping,Kanada,N, 40-44
2024-12-08 19:05:36.135569,Tähtajalise elamisloa pikendamine,Töötamine,Maroko,M, 30-34
2024-07-04 20:46:01.271108,Tähtajaline elamisluba,Püsivalt Eestisse elama asumine,Valgevene,N, 55-59
2015-05-12 15:46:15.662865,Tähtajaline elamisluba,Pereränne,Tai,M, 15-19
2024-08-08 17:27:34.969500,Tähtajalise elamisloa pikendamine,Ettevõtlus,Filipiinid,N, 65-69
2023-12-08 04:46:34.088152,Tähtajalise elamisloa pikendamine,Ettevõtlus,Libeeria,M, 40-44
2017-04-23 12:14:04.235156,Tähtajaline elamisluba,Töötamine,Kasahstan,N, 5-9
2015-03-21 06:09:05.520597,Tähtajalise elamisloa pikendamine,Töötamine,Albaania,N, 5-9
2025-02-02 00:14:28.524717,Tähtajaline elamisluba,Püsivalt Eestisse elama asumine,Valgevene,M, 0-4
2019-06-13 12:03:52.926359,Tähtajaline elamisluba,Õppimine,Libeeria,M, 25-29
2025-05-01 19:45:29.470994,Tähtajalise elamisloa pikendamine,Välisleping,Kõrgõzstan,N, 80-84
2019-07-31 17:49:22.347674,Tähtajaline elamisluba,Välisleping,Austraalia,N, 15-19
2019-08-22 11:47:57.172294,Tähtajaline elamisluba,Legaalne sissetulek,Senegal,N, 55-59
2023-09-22 03:17:06.827916,Tähtajalise elamisloa pikendamine,Ettevõtlus,Ghana,M, 30-34
2021-01-15 12:51:41.785929,Tähtajalise elamisloa pikendamine,Töötamine,Egiptus,M, 40-44
2015-09-06 15:44:42.407883,Tähtajaline elamisluba,Ettevõtlus,Muu,M, 20-24
2019-07-02 00:39:39.862092,Tähtajalise elamisloa pikendamine,Pereränne,Singapur,M, 15-19
2023-10-09 13:27:54.267661,Tähtajaline elamisluba,Välisleping,Malaisia,M, 20-24
2015-09-22 17:31:40.769554,Tähtajalise elamisloa pikendamine,Õppimine,Palestiina okupeeritud ala,M, 20-24
2016-05-25 01:44:43.052517,Tähtajaline elamisluba,Püsivalt Eestisse elama asumine,Türgi,N, 10-14
2016-02-18 22:18:05.083961,Tähtajaline elamisluba,Välisleping,Sri Lanka,N, 40-44
2025-04-11 19:54:20.735507,Tähtajaline elamisluba,Välisleping,Gambia,N, 85+
2023-11-22 10:19:20.548654,Tähtajaline elamisluba,Püsivalt Eestisse elama asumine,Mehhiko,N, 5-9
2019-09-11 09:42:25.337707,Tähtajalise elamisloa pikendamine,Õppimine,Ghana,N, 25-29
2017-08-10 16:04:01.463965,Tähtajaline elamisluba,Ettevõtlus,Nigeeria,M, 40-44
2020-05-09 16:24:17.188484,Tähtajaline elamisluba,Töötamine,Vietnam,N, 30-34
2020-11-05 07:38:01.230608,Tähtajaline elamisluba,Töötamine,Usbekistan,M, 85+
2023-09-30 19:51:31.657855,Tähtajalise elamisloa pikendamine,Õppimine,Malaisia,N, 50-54
2015-07-23 05:41:42.983302,Tähtajalise elamisloa pikendamine,Legaalne sissetulek,Armeenia,N, 30-34
2015-12-28 11:09:38.488482,Tähtajaline elamisluba,Püsivalt Eestisse elama asumine,Venemaa,M, 40-44
2022-08-06 11:56:59.324733,Tähtajaline elamisluba,Töötamine,Sierra Leone,N, 75-79
2023-09-19 09:28:11.548289,Tähtajalise elamisloa pikendamine,Töötamine,Gruusia,N, 30-34
2018-02-26 08:43:53.679164,Tähtajaline elamisluba,Legaalne sissetulek,Iraan,N, 55-59
2015-12-31 21:01:28.563949,Tähtajalise elamisloa pikendamine,Püsivalt Eestisse elama asumine,Gruusia,M, 65-69
2015-08-03 16:03:14.605737,Tähtajalise elamisloa pikendamine,Õppimine,Kanada,M, 15-19
2016-03-13 23:03:35.507575,Tähtajalise elamisloa pikendamine,Töötamine,Armeenia,N, 40-44
2020-05-14 10:44:30.695862,Tähtajalise elamisloa pikendamine,Õppimine,Malaisia,N, 35-39
2023-11-27 23:05:48.426991,Tähtajaline elamisluba,Pereränne,Afganistan,M, 80-84
2024-08-16 13:15:08.418413,Tähtajaline elamisluba,Õppimine,Maroko,N, 5-9
2024-07-12 03:59:57.941402,Tähtajaline elamisluba,Õppimine,Gambia,M, 50-54
2019-11-30 15:26:19.017195,Tähtajalise elamisloa pikendamine,Püsivalt Eestisse elama asumine,Ghana,N, 25-29
2021-09-07 04:51:42.280709,Tähtajaline elamisluba,Töötamine,Senegal,M, 45-49
2015-11-17 13:06:48.006608,Tähtajaline elamisluba,Püsivalt Eestisse elama asumine,Kamerun,N, 50-54
2016-04-22 17:29:17.275100,Tähtajaline elamisluba,Pereränne,Filipiinid,M, 80-84
2025-05-22 19:07:27.047235,Tähtajaline elamisluba,Ettevõtlus,Gruusia,N, 75-79
2024-03-11 14:39:41.307103,Tähtajalise elamisloa pikendamine,Õppimine,Süüria,M, 75-79
2023-04-04 17:53:47.780494,Tähtajaline elamisluba,Õppimine,Venemaa,M, 85+
2021-01-01 14:23:46.949997,Tähtajaline elamisluba,Töötamine,Kasahstan,N, 80-84
2024-09-22 19:35:06.848047,Tähtajalise elamisloa pikendamine,Välisleping,Pakistan,N, 40-44
2021-12-07 21:20:31.694327,Tähtajalise elamisloa pikendamine,Legaalne sissetulek,Ukraina,M, 35-39
2016-09-27 20:30:19.203404,Tähtajalise elamisloa pikendamine,Püsivalt Eestisse elama asumine,Pakistan,N, 30-34
2020-09-10 13:36:59.625054,Tähtajaline elamisluba,Legaalne sissetulek,Maroko,N, 45-49
2021-05-20 14:39:36.534821,Tähtajalise elamisloa pikendamine,Õppimine,Kanada,N, 75-79
2024-01-31 18:50:55.906606,Tähtajalise elamisloa pikendamine,Välisleping,Kõrgõzstan,N, 50-54
2015-04-01 04:08:20.709003,Tähtajalise elamisloa pikendamine,Püsivalt Eestisse elama asumine,Sierra Leone,M, 45-49
2024-10-09 00:53:48.503653,Tähtajalise elamisloa pikendamine,Välisleping,Süüria,M, 45-49
2019-05-10 18:51:50.785558,Tähtajaline elamisluba,Välisleping,Maroko,N, 10-14
2023-05-30 02:56:20.683045,Tähtajaline elamisluba,Töötamine,Bangladesh,M, 80-84
2025-06-01 16:11:37.327557,Tähtajaline elamisluba,Õppimine,Taiwan,M, 45-49
2024-03-17 04:16:34.894989,Tähtajalise elamisloa pikendamine,Õppimine,Egiptus,N, 35-39
2015-05-26 08:42:39.095553,Tähtajaline elamisluba,Legaalne sissetulek,Singapur,M, 85+
2022-09-14 21:04:14.413552,Tähtajalise elamisloa pikendamine,Välisleping,Argentina,M, 50-54
2023-07-04 05:13:59.862659,Tähtajaline elamisluba,Töötamine,Türgi,M, 25-29
2021-09-13 10:01:26.004161,Tähtajaline elamisluba,Õppimine,Indoneesia,M, 25-29
2025-01-07 22:38:38.017267,Tähtajaline elamisluba,Õppimine,Palestiina okupeeritud ala,M, 85+
2024-07-24 06:07:25.174960,Tähtajalise elamisloa pikendamine,Püsivalt Eestisse elama asumine,Pakistan,M, 85+
2015-01-10 20:32:11.480831,Tähtajaline elamisluba,Ettevõtlus,Lõuna-Aafrika Vabariik,M, 50-54
2025-02-21 08:43:32.616153,Tähtajalise elamisloa pikendamine,Õppimine,Pakistan,N, 15-19
2025-06-01 23:59:59.993094,Tähtajalise elamisloa pikendamine,Ettevõtlus,Suurbritannia,M, 30-34
2015-01-09 00:00:00.000000,Tähtajaline elamisluba,Välisleping,Ghana,N, 70-74
2024-01-10 01:36:32.249882,Tähtajaline elamisluba,Töötamine,Hiina,M, 15-19
2019-05-27 01:52:02.118711,Tähtajalise elamisloa pikendamine,Pereränne,Brasiilia,N, 20-24
2020-01-05 01:08:57.114087,Tähtajaline elamisluba,Õppimine,Tuneesia,M, 25-29
2024-06-27 15:14:59.201556,Tähtajalise elamisloa pikendamine,Õppimine,Kasahstan,N, 70-74
2022-10-01 12:02:34.691121,Tähtajalise elamisloa pikendamine,Ettevõtlus,Valgevene,M, 50-54
2015-03-15 22:08:19.860094,Tähtajaline elamisluba,Püsivalt Eestisse elama asumine,Senegal,M, 55-59
2016-11-27 00:12:55.139382,Tähtajalise elamisloa pikendamine,Püsivalt Eestisse elama asumine,Armeenia,M, 0-4
2025-06-01 23:59:58.916094,Tähtajaline elamisluba,Välisleping,Iraan,N, 40-44
2019-09-27 13:49:10.808539,Tähtajalise elamisloa pikendamine,Ettevõtlus,Indoneesia,N, 55-59
2019-05-19 16:21:11.947633,Tähtajalise elamisloa pikendamine,Püsivalt Eestisse elama asumine,Tšiili,N, 35-39
2015-01-14 04:01:49.254416,Tähtajaline elamisluba,Õppimine,Ameerika Ühendriigid,M, 35-39
2021-05-02 17:03:58.758051,Tähtajaline elamisluba,Pereränne,Argentina,N, 50-54
2025-06-01 23:59:55.835320,Tähtajaline elamisluba,Ettevõtlus,Kasahstan,M, 55-59
2022-05-22 13:48:35.046949,Tähtajaline elamisluba,Legaalne sissetulek,Venezuela,M, 60-64
2023-08-30 22:05:39.714729,Tähtajalise elamisloa pikendamine,Püsivalt Eestisse elama asumine,Maroko,N, 45-49
2022-09-06 01:25:28.525979,Tähtajaline elamisluba,Välisleping,Ukraina,M, 85+
2015-05-12 21:30:46.053060,Tähtajalise elamisloa pikendamine,Õppimine,Türgi,N, 25-29
2019-10-08 03:03:58.127663,Tähtajalise elamisloa pikendamine,Püsivalt Eestisse elama asumine,Gambia,N, 35-39
2019-02-26 23:07:47.538414,Tähtajaline elamisluba,Ettevõtlus,Egiptus,N, 70-74
2025-01-29 19:30:54.021664,Tähtajalise elamisloa pikendamine,Ettevõtlus,Türgi,N, 5-9
2020-05-09 14:57:28.217908,Tähtajaline elamisluba,Välisleping,Aserbaidžaan,N, 70-74
2024-08-07 03:03:43.147272,Tähtajalise elamisloa pikendamine,Välisleping,Brasiilia,M, 60-64
2017-05-07 07:54:38.175571,Tähtajalise elamisloa pikendamine,Välisleping,Indoneesia,M, 30-34
2021-04-11 03:02:56.066631,Tähtajaline elamisluba,Pereränne,Tuneesia,M, 80-84
2025-06-01 19:55:46.374660,Tähtajaline elamisluba,Püsivalt Eestisse elama asumine,Palestiina okupeeritud ala,M, 25-29
2022-05-11 20:27:28.725187,Tähtajaline elamisluba,Püsivalt Eestisse elama asumine,India,M, 75-79
2025-04-09 08:49:01.531182,Tähtajaline elamisluba,Pereränne,Nepal,M, 50-54
2023-12-13 15:48:31.112569,Tähtajaline elamisluba,Püsivalt Eestisse elama asumine,Nepal,N, 20-24
2023-03-09 21:11:48.851694,Tähtajaline elamisluba,Töötamine,Nigeeria,N, 75-79
2023-02-01 05:55:49.923446,Tähtajaline elamisluba,Ettevõtlus,Austraalia,M, 50-54
2018-07-13 17:00:06.955384,Tähtajalise elamisloa pikendamine,Ettevõtlus,Ghana,N, 30-34
2017-04-05 03:24:23.169378,Tähtajalise elamisloa pikendamine,Töötamine,Egiptus,N, 50-54
2018-11-04 00:16:12.020018,Tähtajalise elamisloa pikendamine,Ettevõtlus,Sierra Leone,N, 65-69
2015-07-10 19:03:22.559227,Tähtajalise elamisloa pikendamine,Välisleping,Lõuna-Aafrika Vabariik,M, 35-39
2016-11-22 01:15:56.292598,Tähtajaline elamisluba,Pereränne,Kasahstan,N, 60-64
2023-07-27 23:09:42.955255,Tähtajalise elamisloa pikendamine,Püsivalt Eestisse elama asumine,Aserbaidžaan,N, 55-59
2022-04-03 11:10:44.847222,Tähtajalise elamisloa pikendamine,Õppimine,Korea Vabariik,N, 50-54
2017-01-31 20:34:59.890258,Tähtajalise elamisloa pikendamine,Välisleping,Vietnam,M, 35-39
2017-02-17 13:43:18.620181,Tähtajalise elamisloa pikendamine,Pereränne,Ukraina,N, 5-9
2023-06-05 22:12:20.557014,Tähtajalise elamisloa pikendamine,Töötamine,Määratlemata kodakondsus,M, 30-34
2025-04-24 02:41:55.038507,Tähtajalise elamisloa pikendamine,Ettevõtlus,Brasiilia,N, 65-69
2015-03-19 11:31:20.949228,Tähtajaline elamisluba,Pereränne,Nepal,M, 60-64
2016-02-08 02:43:58.890994,Tähtajalise elamisloa pikendamine,Ettevõtlus,Kamerun,M, 65-69
2024-02-06 19:38:53.160869,Tähtajalise elamisloa pikendamine,Püsivalt Eestisse elama asumine,Venemaa,M, 40-44
2016-01-17 08:40:58.833646,Tähtajalise elamisloa pikendamine,Püsivalt Eestisse elama asumine,Usbekistan,M, 60-64
2022-08-27 16:16:01.015623,Tähtajalise elamisloa pikendamine,Püsivalt Eestisse elama asumine,Nepal,N, 5-9
2023-11-02 18:35:37.808626,Tähtajaline elamisluba,Välisleping,Lõuna-Aafrika Vabariik,M, 85+
2022-11-10 12:46:15.415238,Tähtajalise elamisloa pikendamine,Töötamine,Venezuela,N, 35-39
2015-04-24 19:32:57.079147,Tähtajalise elamisloa pikendamine,Töötamine,Lõuna-Aafrika Vabariik,N, 10-14
2025-05-01 12:18:19.186506,Tähtajalise elamisloa pikendamine,Püsivalt Eestisse elama asumine,Määratlemata kodakondsus,M, 75-79
2025-05-30 21:34:06.947706,Tähtajalise elamisloa pikendamine,Õppimine,Maroko,N, 25-29
2025-03-15 15:34:40.613745,Tähtajaline elamisluba,Legaalne sissetulek,Albaania,M, 85+
2018-08-16 04:49:10.489957,Tähtajalise elamisloa pikendamine,Ettevõtlus,Iisrael,M, 45-49
2025-06-02 00:00:00.000000,Tähtajalise elamisloa pikendamine,Püsivalt Eestisse elama asumine,India,N, 80-84
2018-11-02 23:44:17.494533,Tähtajaline elamisluba,Välisleping,Kanada,N, 85+
2018-05-14 23:36:19.328266,Tähtajaline elamisluba,Legaalne sissetulek,Määratlemata kodakondsus,M, 10-14
2024-03-16 03:21:14.481205,Tähtajaline elamisluba,Pereränne,Vietnam,M, 25-29
2018-07-03 04:52:50.433868,Tähtajalise elamisloa pikendamine,Pereränne,Venezuela,N, 75-79
2022-11-15 03:13:00.785477,Tähtajalise elamisloa pikendamine,Legaalne sissetulek,Bangladesh,N, 10-14
2015-12-09 09:27:45.759383,Tähtajaline elamisluba,Püsivalt Eestisse elama asumine,Brasiilia,N, 60-64
2025-06-01 23:25:03.527079,Tähtajalise elamisloa pikendamine,Püsivalt Eestisse elama asumine,Aserbaidžaan,N, 5-9
2022-12-15 08:22:11.633244,Tähtajaline elamisluba,Välisleping,Maroko,M, 75-79
2019-12-05 18:26:57.674210,Tähtajaline elamisluba,Töötamine,Muu,M, 45-49
2017-02-07 16:58:49.333280,Tähtajaline elamisluba,Töötamine,Malaisia,M, 10-14
2017-02-22 13:53:33.212098,Tähtajalise elamisloa pikendamine,Pereränne,Valgevene,N, 20-24
2018-03-15 14:56:29.846648,Tähtajaline elamisluba,Pereränne,Albaania,N, 50-54
2015-07-28 02:00:43.623741,Tähtajaline elamisluba,Püsivalt Eestisse elama asumine,Kamerun,M, 5-9
2022-01-22 19:33:39.154344,Tähtajaline elamisluba,Välisleping,Korea Vabariik,M, 85+
2015-03-16 10:12:29.997868,Tähtajalise elamisloa pikendamine,Pereränne,Vietnam,M, 85+
2024-02-16 20:38:25.264496,Tähtajaline elamisluba,Legaalne sissetulek,Kanada,N, 50-54
2020-09-04 22:37:28.292652,Tähtajalise elamisloa pikendamine,Pereränne,Gambia,M, 45-49
2025-05-20 04:34:18.019023,Tähtajaline elamisluba,Pereränne,Austraalia,N, 5-9
2017-04-04 19:44:14.554076,Tähtajaline elamisluba,Töötamine,Venezuela,M, 50-54
2015-10-14 15:10:41.285407,Tähtajaline elamisluba,Püsivalt Eestisse elama asumine,Egiptus,N, 0-4
2018-07-23 14:36:12.135239,Tähtajaline elamisluba,Pereränne,Ameerika Ühendriigid,M, 50-54
2024-06-14 18:45:51.765596,Tähtajalise elamisloa pikendamine,Välisleping,Nepal,N, 0-4
2019-09-16 06:12:10.555786,Tähtajaline elamisluba,Välisleping,Armeenia,N, 35-39
2025-06-01 23:57:08.340746,Tähtajalise elamisloa pikendamine,Legaalne sissetulek,Pakistan,N, 35-39
2019-05-18 15:43:00.811427,Tähtajaline elamisluba,Ettevõtlus,Colombia,M, 20-24
2015-09-07 02:53:10.591681,Tähtajalise elamisloa pikendamine,Püsivalt Eestisse elama asumine,Nepal,N, 45-49
2023-09-19 15:52:49.996401,Tähtajalise elamisloa pikendamine,Legaalne sissetulek,Nepal,N, 40-44
2025-04-16 02:31:31.230487,Tähtajaline elamisluba,Püsivalt Eestisse elama asumine,Kanada,N, 25-29
2023-07-09 06:55:58.799182,Tähtajaline elamisluba,Välisleping,Tuneesia,N, 35-39
2022-08-31 14:15:26.126655,Tähtajaline elamisluba,Õppimine,Nepal,N, 15-19
2018-08-06 19:21:13.778736,Tähtajalise elamisloa pikendamine,Püsivalt Eestisse elama asumine,Hiina,N, 15-19
2025-03-02 19:09:51.253844,Tähtajalise elamisloa pikendamine,Legaalne sissetulek,Indoneesia,M, 80-84
2025-06-01 23:59:59.999247,Tähtajalise elamisloa pikendamine,Pereränne,Maroko,M, 85+
2020-03-19 22:14:28.471191,Tähtajalise elamisloa pikendamine,Välisleping,Egiptus,N, 30-34
2024-11-06 23:03:06.589138,Tähtajaline elamisluba,Püsivalt Eestisse elama asumine,Taiwan,N, 75-79
2021-10-01 07:53:34.736620,Tähtajaline elamisluba,Püsivalt Eestisse elama asumine,Singapur,M, 50-54
2015-11-07 15:23:43.720055,Tähtajalise elamisloa pikendamine,Töötamine,Tšiili,N, 10-14
2015-11-18 00:30:38.650439,Tähtajaline elamisluba,Püsivalt Eestisse elama asumine,Hiina,M, 50-54
2023-01-02 11:18:22.118309,Tähtajalise elamisloa pikendamine,Pereränne,Tšiili,M, 0-4
2016-06-30 11:34:50.222250,Tähtajaline elamisluba,Õppimine,Ameerika Ühendriigid,N, 15-19
2018-12-12 08:14:36.495317,Tähtajaline elamisluba,Õppimine,Gruusia,M, 85+
2018-07-01 23:29:22.630396,Tähtajalise elamisloa pikendamine,Töötamine,Senegal,M, 15-19
2015-10-07 02:35:29.671247,Tähtajaline elamisluba,Töötamine,Egiptus,M, 25-29
2021-09-26 09:35:28.258618,Tähtajalise elamisloa pikendamine,Õppimine,Sierra Leone,N, 10-14
2015-11-18 12:52:40.447718,Tähtajalise elamisloa pikendamine,Püsivalt Eestisse elama asumine,Albaania,N, 35-39
2016-11-30 00:18:21.140586,Tähtajalise elamisloa pikendamine,Pereränne,Venemaa,M, 65-69
2023-04-14 02:49:34.206435,Tähtajaline elamisluba,Püsivalt Eestisse elama asumine,Korea Vabariik,M, 70-74
2024-05-08 00:44:53.629998,Tähtajaline elamisluba,Püsivalt Eestisse elama asumine,Gruusia,N, 10-14
2016-09-21 11:15:02.648173,Tähtajaline elamisluba,Püsivalt Eestisse elama asumine,Albaania,M, 35-39
2023-12-21 13:16:40.077001,Tähtajaline elamisluba,Püsivalt Eestisse elama asumine,Taiwan,M, 55-59
2024-10-25 19:01:05.605220,Tähtajaline elamisluba,Töötamine,Singapur,N, 75-79
2024-06-02 01:24:04.751527,Tähtajaline elamisluba,Legaalne sissetulek,Ecuador,M, 0-4
2023-05-24 21:57:02.316226,Tähtajalise elamisloa pikendamine,Ettevõtlus,Venezuela,N, 55-59
2025-06-01 23:59:57.346055,Tähtajalise elamisloa pikendamine,Legaalne sissetulek,Brasiilia,M, 35-39
2017-01-18 09:53:42.157829,Tähtajalise elamisloa pikendamine,Legaalne sissetulek,Libeeria,N, 80-84
2024-01-31 16:07:09.942732,Tähtajalise elamisloa pikendamine,Töötamine,Suurbritannia,M, 0-4
2023-10-10 17:27:14.243298,Tähtajaline elamisluba,Õppimine,Libeeria,M, 55-59
2025-05-01 22:01:55.459600,Tähtajaline elamisluba,Pereränne,Taiwan,N, 45-49
2020-04-28 08:07:39.543113,Tähtajaline elamisluba,Püsivalt Eestisse elama asumine,Vietnam,N, 10-14
2020-10-20 18:52:47.665982,Tähtajaline elamisluba,Õppimine,Aserbaidžaan,N, 5-9
2023-08-19 23:28:38.734441,Tähtajalise elamisloa pikendamine,Püsivalt Eestisse elama asumine,Filipiinid,N, 15-19
2018-12-22 22:16:25.694100,Tähtajaline elamisluba,Pereränne,Kasahstan,M, 65-69
2025-05-31 07:00:54.917534,Tähtajalise elamisloa pikendamine,Õppimine,Kanada,M, 55-59
2021-06-21 13:34:33.608356,Tähtajaline elamisluba,Pereränne,Egiptus,N, 50-54
2024-10-29 21:10:43.294290,Tähtajaline elamisluba,Õppimine,Korea Vabariik,M, 15-19
2025-04-27 17:54:33.950484,Tähtajalise elamisloa pikendamine,Ettevõtlus,Palestiina okupeeritud ala,N, 30-34
2021-01-23 10:52:23.269648,Tähtajaline elamisluba,Legaalne sissetulek,Gambia,N, 45-49
2015-05-15 07:38:28.438013,Tähtajaline elamisluba,Legaalne sissetulek,Libeeria,M, 50-54
2024-08-01 22:08:19.514053,Tähtajaline elamisluba,Töötamine,Pakistan,N, 60-64
2021-04-15 21:30:56.610828,Tähtajaline elamisluba,Legaalne sissetulek,Usbekistan,N, 45-49
2019-09-11 14:40:50.827571,Tähtajaline elamisluba,Püsivalt Eestisse elama asumine,Argentina,N, 15-19
2021-11-27 01:20:13.549391,Tähtajalise elamisloa pikendamine,Legaalne sissetulek,Muu,M, 30-34
2022-03-11 15:10:38.240668,Tähtajaline elamisluba,Töötamine,Senegal,M, 15-19
2023-08-22 02:07:50.557417,Tähtajaline elamisluba,Õppimine,Tuneesia,N, 30-34
2020-09-24 19:49:19.450988,Tähtajalise elamisloa pikendamine,Püsivalt Eestisse elama asumine,Brasiilia,M, 80-84
2019-01-30 14:33:05.143883,Tähtajalise elamisloa pikendamine,Ettevõtlus,Armeenia,N, 40-44
2022-01-18 04:39:01.384232,Tähtajaline elamisluba,Pereränne,Senegal,M, 80-84
2023-07-27 01:20:57.359133,Tähtajaline elamisluba,Pereränne,Egiptus,N, 85+
2023-05-10 17:02:06.102567,Tähtajaline elamisluba,Välisleping,Kamerun,M, 0-4
2020-07-26 17:39:55.835996,Tähtajaline elamisluba,Töötamine,Kamerun,M, 25-29
2017-02-09 18:48:31.965059,Tähtajalise elamisloa pikendamine,Õppimine,Argentina,N, 70-74
2019-07-30 09:45:56.729208,Tähtajaline elamisluba,Välisleping,Egiptus,N, 20-24
2018-07-20 14:01:43.050353,Tähtajaline elamisluba,Töötamine,Palestiina okupeeritud ala,N, 45-49
2023-06-12 08:26:19.060267,Tähtajaline elamisluba,Õppimine,Maroko,M, 10-14
2022-08-12 03:34:52.614668,Tähtajalise elamisloa pikendamine,Püsivalt Eestisse elama asumine,Tadžikistan,M, 0-4
2020-10-14 19:10:54.485439,Tähtajalise elamisloa pikendamine,Pereränne,Palestiina okupeeritud ala,M, 70-74
2023-09-22 02:18:02.744448,Tähtajaline elamisluba,Töötamine,Ameerika Ühendriigid,M, 80-84
2023-11-28 09:02:59.831555,Tähtajalise elamisloa pikendamine,Püsivalt Eestisse elama asumine,Filipiinid,M, 0-4
2015-05-18 18:16:44.882172,Tähtajalise elamisloa pikendamine,Töötamine,Kanada,N, 0-4
2018-07-28 00:44:01.623398,Tähtajalise elamisloa pikendamine,Püsivalt Eestisse elama asumine,India,M, 10-14
2022-04-11 09:03:09.577341,Tähtajalise elamisloa pikendamine,Välisleping,Valgevene,M, 40-44
2016-05-22 06:10:47.883520,Tähtajaline elamisluba,Ettevõtlus,Afganistan,N, 80-84
2019-04-25 12:52:43.458270,Tähtajalise elamisloa pikendamine,Püsivalt Eestisse elama asumine,Sierra Leone,N, 85+
2016-03-23 06:55:34.468395,Tähtajaline elamisluba,Pereränne,Austraalia,M, 75-79
2015-11-30 02:38:45.400207,Tähtajalise elamisloa pikendamine,Püsivalt Eestisse elama asumine,Jaapan,N, 60-64
2024-01-09 06:11:59.199318,Tähtajaline elamisluba,Töötamine,Kasahstan,M, 60-64
2020-12-03 19:44:48.711684,Tähtajalise elamisloa pikendamine,Legaalne sissetulek,Süüria,N, 55-59
2016-12-11 00:31:50.702765,Tähtajalise elamisloa pikendamine,Pereränne,Venezuela,M, 70-74
2025-06-01 23:44:21.787976,Tähtajaline elamisluba,Välisleping,Nepal,M, 65-69
2016-04-11 17:59:54.002229,Tähtajaline elamisluba,Õppimine,Valgevene,M, 40-44
2023-11-14 11:16:30.843356,Tähtajaline elamisluba,Püsivalt Eestisse elama asumine,Sri Lanka,N, 30-34
2017-05-10 03:58:36.502713,Tähtajalise elamisloa pikendamine,Püsivalt Eestisse elama asumine,Iisrael,N, 80-84
